date,month,week,timeSlot,holiday,rrr,aveSpeed,Cluster
1,11,2,72,0,0,40.5,3
1,11,2,73,0,0,47.91,3
1,11,2,74,0,0,55.32,3
1,11,2,75,0,0,47.26,3
1,11,2,76,0,0,58.6,3
1,11,2,77,0,0,51.1,3
1,11,2,78,0,0,59.2,3
1,11,2,79,0,0,55.7,3
1,11,2,80,0,0,54.08,3
1,11,2,81,0,0,49.15,3
1,11,2,82,0,0,55.7,3
1,11,2,83,0,0,60.73,3
1,11,2,84,0,0,46.02,3
1,11,2,85,0,0,50.23,3
1,11,2,86,0,0,48.58,3
1,11,2,87,0,0,44.43,3
1,11,2,88,0,0,40.26,3
1,11,2,89,0,0,41.28,3
1,11,2,90,0,0,39.92,3
1,11,2,91,0,0,50.02,3
1,11,2,92,0,0,42.64,3
1,11,2,93,0,0,48.53,3
1,11,2,94,0,0,50.67,3
1,11,2,95,0,0,41.54,3
1,11,2,96,0,0,15.99,3
1,11,2,97,0,0,11.13,3
1,11,2,98,0,0,9.15,3
1,11,2,99,0,0,9.01,3
1,11,2,100,0,0,13.58,3
1,11,2,101,0,0,6.75,3
1,11,2,102,0,0,11.35,3
1,11,2,103,0,0,7.12,3
1,11,2,104,0,0,4.47,3
1,11,2,105,0,0,5.04,3
1,11,2,106,0,0,11.66,3
1,11,2,107,0,0,8.97,3
1,11,2,108,0,0,7.96,3
1,11,2,109,0,0,6.87,3
1,11,2,110,0,0,7.14,3
1,11,2,111,0,0,17.9,3
1,11,2,112,0,0,36.29,3
1,11,2,113,0,0,40.77,3
1,11,2,114,0,0,25.46,3
1,11,2,115,0,0,22.73,3
1,11,2,116,0,0,14.35,3
1,11,2,117,0,0,5.8,3
1,11,2,118,0,0,6.87,3
1,11,2,119,0,0,10.45,3
1,11,2,120,0,0,15.39,3
1,11,2,121,0,0,15.31,3
1,11,2,122,0,0,27.69,3
1,11,2,123,0,0,42.87,3
1,11,2,124,0,0,46.12,3
1,11,2,125,0,0,40.74,3
1,11,2,126,0,0,30.19,3
1,11,2,127,0,0,41.36,3
1,11,2,128,0,0,43.54,3
1,11,2,129,0,0,39.85,3
1,11,2,130,0,0,27.32,3
1,11,2,131,0,0,44.15,3
1,11,2,132,0,0,42.52,3
1,11,2,133,0,0,38.28,3
1,11,2,134,0,0,42.5,3
1,11,2,135,0,0,40.61,3
1,11,2,136,0,0,45.28,3
1,11,2,137,0,0,39.79,3
1,11,2,138,0,0,40.48,3
1,11,2,139,0,0,37.26,3
1,11,2,140,0,0,39.86,3
1,11,2,141,0,0,39.09,3
1,11,2,142,0,0,28.51,3
1,11,2,143,0,0,29.85,3
1,11,2,144,0,0,48.19,3
1,11,2,145,0,0,43.01,3
1,11,2,146,0,0,30.47,3
1,11,2,147,0,0,45.64,3
1,11,2,148,0,0,44.17,3
1,11,2,149,0,0,44.19,3
1,11,2,150,0,0,46.53,3
1,11,2,151,0,0,48.41,3
1,11,2,152,0,0,47.16,3
1,11,2,153,0,0,40.21,3
1,11,2,154,0,0,48.26,3
1,11,2,155,0,0,48.87,3
1,11,2,156,0,0,43.19,3
1,11,2,157,0,0,40.18,3
1,11,2,158,0,0,45.25,3
1,11,2,159,0,0,42.94,3
1,11,2,160,0,0,52.23,3
1,11,2,161,0,0,48.74,3
1,11,2,162,0,0,43.04,3
1,11,2,163,0,0,45.04,3
1,11,2,164,0,0,42.17,3
1,11,2,165,0,0,37.13,3
1,11,2,166,0,0,35.09,3
1,11,2,167,0,0,24.43,3
1,11,2,168,0,0,11.46,3
1,11,2,169,0,0,8.85,3
1,11,2,170,0,0,9.85,3
1,11,2,171,0,0,5.62,3
1,11,2,172,0,0,10.45,3
1,11,2,173,0,0,13.08,3
1,11,2,174,0,0,26.26,3
1,11,2,175,0,0,35.58,3
1,11,2,176,0,0,47.89,3
1,11,2,177,0,0,50.04,3
1,11,2,178,0,0,39.25,3
1,11,2,179,0,0,44.62,3
1,11,2,180,0,0,42.47,3
1,11,2,181,0,0,35.75,3
1,11,2,182,0,0,40.71,3
1,11,2,183,0,0,48.39,3
1,11,2,184,0,0,50.13,3
1,11,2,185,0,0,47.62,3
1,11,2,186,0,0,46.35,3
1,11,2,187,0,0,39.57,3
1,11,2,188,0,0,45.61,3
1,11,2,189,0,0,40.64,3
1,11,2,190,0,0,43.42,3
1,11,2,191,0,0,50.29,3
1,11,2,192,0,0,42.99,3
1,11,2,193,0,0,44.37,3
1,11,2,194,0,0,42.56,3
1,11,2,195,0,0,49.61,3
1,11,2,196,0,0,52.54,3
1,11,2,197,0,0,42.76,3
1,11,2,198,0,0,48.34,3
1,11,2,199,0,0,41.1,3
1,11,2,200,0,0,48.27,3
1,11,2,201,0,0,45.33,3
1,11,2,202,0,0,43.07,3
1,11,2,203,0,0,43.16,3
1,11,2,204,0,0,48.75,3
1,11,2,205,0,0,40.51,3
1,11,2,206,0,0,40.46,3
1,11,2,207,0,0,36.77,3
1,11,2,208,0,0,38.92,3
1,11,2,209,0,0,45.06,3
1,11,2,210,0,0,35.55,3
1,11,2,211,0,0,41.57,3
1,11,2,212,0,0,50.24,3
1,11,2,213,0,0,48.3,3
1,11,2,214,0,0,47.34,3
1,11,2,215,0,0,42.07,3
1,11,2,216,0,0,47.51,3
1,11,2,217,0,0,43.86,3
1,11,2,218,0,0,49.44,3
1,11,2,219,0,0,46.92,3
1,11,2,220,0,0,44.9,3
1,11,2,221,0,0,44.13,3
1,11,2,222,0,0,40.7,3
1,11,2,223,0,0,42.98,3
1,11,2,224,0,0,44.8,3
1,11,2,225,0,0,41.22,3
1,11,2,226,0,0,42.13,3
1,11,2,227,0,0,45.75,3
1,11,2,228,0,0,47.19,3
1,11,2,229,0,0,41.71,3
1,11,2,230,0,0,45.88,3
1,11,2,231,0,0,44.66,3
1,11,2,232,0,0,43.94,3
1,11,2,233,0,0,40.82,3
1,11,2,234,0,0,48.27,3
1,11,2,235,0,0,44.73,3
1,11,2,236,0,0,44.21,3
1,11,2,237,0,0,44.21,3
1,11,2,238,0,0,43.37,3
1,11,2,239,0,0,40.09,3
1,11,2,240,0,0,51.36,3
1,11,2,241,0,0,43.15,3
1,11,2,242,0,0,38.66,3
1,11,2,243,0,0,46.13,3
1,11,2,244,0,0,41.87,3
1,11,2,245,0,0,41.76,3
1,11,2,246,0,0,37.35,3
1,11,2,247,0,0,34.37,3
1,11,2,248,0,0,41.62,3
1,11,2,249,0,0,41.65,3
1,11,2,250,0,0,48.78,3
1,11,2,251,0,0,47.03,3
1,11,2,252,0,0,47.38,3
1,11,2,253,0,0,45.09,3
1,11,2,254,0,0,40.09,3
1,11,2,255,0,0,44.71,3
1,11,2,256,0,0,39.4,3
1,11,2,257,0,0,42.72,3
1,11,2,258,0,0,42.24,3
1,11,2,259,0,0,48.28,3
1,11,2,260,0,0,45.01,3
1,11,2,261,0,0,45.85,3
1,11,2,262,0,0,50.11,3
1,11,2,263,0,0,42.12,3
1,11,2,264,0,0,51.9,3
1,11,2,265,0,0,51.87,3
1,11,2,266,0,0,49.65,3
1,11,2,267,0,0,50.21,3
1,11,2,268,0,0,45.89,3
1,11,2,269,0,0,44.75,3
1,11,2,270,0,0,43.65,3
1,11,2,271,0,0,48.11,3
1,11,2,272,0,0,49.9,3
1,11,2,273,0,0,49.44,3
1,11,2,274,0,0,49.14,3
1,11,2,275,0,0,41.34,3
1,11,2,276,0,0,38.76,3
1,11,2,277,0,0,47.87,3
1,11,2,278,0,0,52.17,3
1,11,2,279,0,0,62.03,3
1,11,2,280,0,0,55.52,3
1,11,2,281,0,0,51.79,3
1,11,2,282,0,0,58.14,3
1,11,2,283,0,0,57.18,3
1,11,2,284,0,0,59.66,3
1,11,2,285,0,0,46.47,3
1,11,2,286,0,0,60.2,3
1,11,2,287,0,0,53,3
1,11,2,288,0,0,41.84,3
2,11,3,72,0,0,64.98,1
2,11,3,73,0,0,68.99,1
2,11,3,74,0,0,52.6,1
2,11,3,75,0,0,59,1
2,11,3,76,0,0,56.77,1
2,11,3,77,0,0,48.54,1
2,11,3,78,0,0,46.5,1
2,11,3,79,0,0,55.6,1
2,11,3,80,0,0,45.93,1
2,11,3,81,0,0,53.77,1
2,11,3,82,0,0,48.72,1
2,11,3,83,0,0,57.16,1
2,11,3,84,0,0,48.5,1
2,11,3,85,0,0,47.68,1
2,11,3,86,0,0,26.4,1
2,11,3,87,0,0,45.59,1
2,11,3,88,0,0,47.48,1
2,11,3,89,0,0,48.57,1
2,11,3,90,0,0,49.85,1
2,11,3,91,0,0,50.39,1
2,11,3,92,0,0,44.66,1
2,11,3,93,0,0,40.85,1
2,11,3,94,0,0,46.19,1
2,11,3,95,0,0,47.01,1
2,11,3,96,0,0,34.88,1
2,11,3,97,0,0,23.57,1
2,11,3,98,0,0,11.87,1
2,11,3,99,0,0,7.79,1
2,11,3,100,0,0,5.91,1
2,11,3,101,0,0,6.39,1
2,11,3,102,0,0,6.12,1
2,11,3,103,0,0,11.34,1
2,11,3,104,0,0,7.18,1
2,11,3,105,0,0,4.96,1
2,11,3,106,0,0,4.51,1
2,11,3,107,0,0,9.66,1
2,11,3,108,0,0,22.49,1
2,11,3,109,0,0,43.88,1
2,11,3,110,0,0,45.33,1
2,11,3,111,0,0,43.22,1
2,11,3,112,0,0,47.23,1
2,11,3,113,0,0,45.28,1
2,11,3,114,0,0,36.96,1
2,11,3,115,0,0,35.4,1
2,11,3,116,0,0,41.03,1
2,11,3,117,0,0,29.61,1
2,11,3,118,0,0,24.96,1
2,11,3,119,0,0,24.15,1
2,11,3,120,0,0,34,1
2,11,3,121,0,0,44,1
2,11,3,122,0,0,41.37,1
2,11,3,123,0,0,37.2,1
2,11,3,124,0,0,38.85,1
2,11,3,125,0,0,38.52,1
2,11,3,126,0,0,44.87,1
2,11,3,127,0,0,26.03,1
2,11,3,128,0,0,23.26,1
2,11,3,129,0,0,46.05,1
2,11,3,130,0,0,22.46,1
2,11,3,131,0,0,7.88,1
2,11,3,132,0,0,11.56,1
2,11,3,133,0,0,24.92,1
2,11,3,134,0,0,18.75,1
2,11,3,135,0,0,8.17,1
2,11,3,136,0,0,17.86,1
2,11,3,137,0,0,17.04,1
2,11,3,138,0,0,39.75,1
2,11,3,139,0,0,47.21,1
2,11,3,140,0,0,39.09,1
2,11,3,141,0,0,34.13,1
2,11,3,142,0,0,41.59,1
2,11,3,143,0,0,41.47,1
2,11,3,144,0,0,45.85,1
2,11,3,145,0,0,50.13,1
2,11,3,146,0,0,46.95,1
2,11,3,147,0,0,46.66,1
2,11,3,148,0,0,50.32,1
2,11,3,149,0,0,44.89,1
2,11,3,150,0,0,47.47,1
2,11,3,151,0,0,32.13,1
2,11,3,152,0,0,26.74,1
2,11,3,153,0,0,29.31,1
2,11,3,154,0,0,26.26,1
2,11,3,155,0,0,21.85,1
2,11,3,156,0,0,18.25,1
2,11,3,157,0,0,27.46,1
2,11,3,158,0,0,43.83,1
2,11,3,159,0,0,42.91,1
2,11,3,160,0,0,41.75,1
2,11,3,161,0,0,44.69,1
2,11,3,162,0,0,46.67,1
2,11,3,163,0,0,44.21,1
2,11,3,164,0,0,44.18,1
2,11,3,165,0,0,44.11,1
2,11,3,166,0,0,36.66,1
2,11,3,167,0,0,43.12,1
2,11,3,168,0,0,44.78,1
2,11,3,169,0,0,34.87,1
2,11,3,170,0,0,40.95,1
2,11,3,171,0,0,18.29,1
2,11,3,172,0,0,28.11,1
2,11,3,173,0,0,45.57,1
2,11,3,174,0,0,45.9,1
2,11,3,175,0,0,42.08,1
2,11,3,176,0,0,45.13,1
2,11,3,177,0,0,43.84,1
2,11,3,178,0,0,51.16,1
2,11,3,179,0,0,43.67,1
2,11,3,180,0,0,36.17,1
2,11,3,181,0,0,40.05,1
2,11,3,182,0,0,44.14,1
2,11,3,183,0,0,38.17,1
2,11,3,184,0,0,40.58,1
2,11,3,185,0,0,41.25,1
2,11,3,186,0,0,42.26,1
2,11,3,187,0,0,38.7,1
2,11,3,188,0,0,44.94,1
2,11,3,189,0,0,39.31,1
2,11,3,190,0,0,45.86,1
2,11,3,191,0,0,50.82,1
2,11,3,192,0,0,44.14,1
2,11,3,193,0,0,50.74,1
2,11,3,194,0,0,42.39,1
2,11,3,195,0,0,41.96,1
2,11,3,196,0,0,47,1
2,11,3,197,0,0,47.59,1
2,11,3,198,0,0,45.61,1
2,11,3,199,0,0,42.42,1
2,11,3,200,0,0,49.34,1
2,11,3,201,0,0,49.91,1
2,11,3,202,0,0,44.55,1
2,11,3,203,0,0,47.86,1
2,11,3,204,0,0,49.33,1
2,11,3,205,0,0,49.44,1
2,11,3,206,0,0,46.1,1
2,11,3,207,0,0,49.26,1
2,11,3,208,0,0,50.71,1
2,11,3,209,0,0,46.54,1
2,11,3,210,0,0,45.51,1
2,11,3,211,0,0,42.99,1
2,11,3,212,0,0,44.42,1
2,11,3,213,0,0,46.2,1
2,11,3,214,0,0,46.99,1
2,11,3,215,0,0,46.89,1
2,11,3,216,0,0,46.02,1
2,11,3,217,0,0,46.2,1
2,11,3,218,0,0,46.66,1
2,11,3,219,0,0,47.46,1
2,11,3,220,0,0,42.24,1
2,11,3,221,0,0,48.33,1
2,11,3,222,0,0,43.99,1
2,11,3,223,0,0,42.3,1
2,11,3,224,0,0,46.42,1
2,11,3,225,0,0,39.93,1
2,11,3,226,0,0,47.27,1
2,11,3,227,0,0,43.48,1
2,11,3,228,0,0,46.44,1
2,11,3,229,0,0,45.07,1
2,11,3,230,0,0,46.25,1
2,11,3,231,0,0,45.52,1
2,11,3,232,0,0,44.33,1
2,11,3,233,0,0,44.29,1
2,11,3,234,0,0,44.99,1
2,11,3,235,0,0,47.01,1
2,11,3,236,0,0,48.29,1
2,11,3,237,0,0,43.11,1
2,11,3,238,0,0,46.73,1
2,11,3,239,0,0,41.64,1
2,11,3,240,0,0,45.29,1
2,11,3,241,0,0,41.99,1
2,11,3,242,0,0,43.38,1
2,11,3,243,0,0,37.72,1
2,11,3,244,0,0,20.28,1
2,11,3,245,0,0,33.07,1
2,11,3,246,0,0,39.78,1
2,11,3,247,0,0,39.7,1
2,11,3,248,0,0,46.01,1
2,11,3,249,0,0,41.09,1
2,11,3,250,0,0,41.38,1
2,11,3,251,0,0,43.79,1
2,11,3,252,0,0,33.92,1
2,11,3,253,0,0,41.99,1
2,11,3,254,0,0,44.85,1
2,11,3,255,0,0,38.98,1
2,11,3,256,0,0,45.29,1
2,11,3,257,0,0,39.08,1
2,11,3,258,0,0,42.39,1
2,11,3,259,0,0,42.9,1
2,11,3,260,0,0,49.22,1
2,11,3,261,0,0,46.43,1
2,11,3,262,0,0,46.35,1
2,11,3,263,0,0,49.34,1
2,11,3,264,0,0,47.03,1
2,11,3,265,0,0,44.95,1
2,11,3,266,0,0,50.68,1
2,11,3,267,0,0,52.69,1
2,11,3,268,0,0,46.48,1
2,11,3,269,0,0,47.42,1
2,11,3,270,0,0,48.31,1
2,11,3,271,0,0,42.99,1
2,11,3,272,0,0,51.99,1
2,11,3,273,0,0,57.89,1
2,11,3,274,0,0,50.09,1
2,11,3,275,0,0,45.5,1
2,11,3,276,0,0,48.63,1
2,11,3,277,0,0,48.95,1
2,11,3,278,0,0,40.35,1
2,11,3,279,0,0,46.81,1
2,11,3,280,0,0,48.1,1
2,11,3,281,0,0,55.87,1
2,11,3,282,0,0,50.03,1
2,11,3,283,0,0,51.34,1
2,11,3,284,0,0,53.56,1
2,11,3,285,0,0,42.35,1
2,11,3,286,0,0,38.44,1
2,11,3,287,0,0,47.6,1
2,11,3,288,0,0,52.93,1
3,11,4,72,0,0,47.26,3
3,11,4,73,0,0,47.37,3
3,11,4,74,0,0,47.48,3
3,11,4,75,0,0,50.8,3
3,11,4,76,0,0,44.72,3
3,11,4,77,0,0,53.63,3
3,11,4,78,0,0,50.4,3
3,11,4,79,0,0,53.13,3
3,11,4,80,0,0,50.85,3
3,11,4,81,0,0,45.43,3
3,11,4,82,0,0,45.6,3
3,11,4,83,0,0,46.46,3
3,11,4,84,0,0,50.54,3
3,11,4,85,0,0,50,3
3,11,4,86,0,0,50.62,3
3,11,4,87,0,0,50.9,3
3,11,4,88,0,0,45.92,3
3,11,4,89,0,0,33.06,3
3,11,4,90,0,0,41.29,3
3,11,4,91,0,0,42.5,3
3,11,4,92,0,0,55.01,3
3,11,4,93,0,0,46.98,3
3,11,4,94,0,0,43.93,3
3,11,4,95,0,0,38.24,3
3,11,4,96,0,0,30.42,3
3,11,4,97,0,0,29.49,3
3,11,4,98,0,0,20.38,3
3,11,4,99,0,0,18.73,3
3,11,4,100,0,0,12.66,3
3,11,4,101,0,0,33.42,3
3,11,4,102,0,0,7.38,3
3,11,4,103,0,0,9.17,3
3,11,4,104,0,0,8.16,3
3,11,4,105,0,0,6.64,3
3,11,4,106,0,0,6.91,3
3,11,4,107,0,0,13.89,3
3,11,4,108,0,0,14.32,3
3,11,4,109,0,0,13.92,3
3,11,4,110,0,0,21.04,3
3,11,4,111,0,0,37.54,3
3,11,4,112,0,0,15.43,3
3,11,4,113,0,0,16.23,3
3,11,4,114,0,0,15.17,3
3,11,4,115,0,0,6.52,3
3,11,4,116,0,0,9.37,3
3,11,4,117,0,0,8.54,3
3,11,4,118,0,0,9.24,3
3,11,4,119,0,0,12.89,3
3,11,4,120,0,0,21.95,3
3,11,4,121,0,0,42.19,3
3,11,4,122,0,0,40.28,3
3,11,4,123,0,0,37.78,3
3,11,4,124,0,0,41.87,3
3,11,4,125,0,0,20.04,3
3,11,4,126,0,0,27.86,3
3,11,4,127,0,0,21.78,3
3,11,4,128,0,0,31.39,3
3,11,4,129,0,0,31.24,3
3,11,4,130,0,0,31.87,3
3,11,4,131,0,0,39.68,3
3,11,4,132,0,0,38.39,3
3,11,4,133,0,0,20.43,3
3,11,4,134,0,0,21.38,3
3,11,4,135,0,0,26.08,3
3,11,4,136,0,0,22.36,3
3,11,4,137,0,0,26.82,3
3,11,4,138,0,0,20.42,3
3,11,4,139,0,0,32.76,3
3,11,4,140,0,0,31.96,3
3,11,4,141,0,0,28.39,3
3,11,4,142,0,0,21.59,3
3,11,4,143,0,0,25.85,3
3,11,4,144,0,0,32.48,3
3,11,4,145,0,0,29.29,3
3,11,4,146,0,0,39.99,3
3,11,4,147,0,0,28.39,3
3,11,4,148,0,0,29.15,3
3,11,4,149,0,0,28.72,3
3,11,4,150,0,0,29.69,3
3,11,4,151,0,0,30.22,3
3,11,4,152,0,0,30.78,3
3,11,4,153,0,0,25.44,3
3,11,4,154,0,0,33.6,3
3,11,4,155,0,0,27.61,3
3,11,4,156,0,0,26.44,3
3,11,4,157,0,0,30.8,3
3,11,4,158,0,0,26.53,3
3,11,4,159,0,0,27.88,3
3,11,4,160,0,0,21.96,3
3,11,4,161,0,0,25.86,3
3,11,4,162,0,0,20.69,3
3,11,4,163,0,0,17.99,3
3,11,4,164,0,0,24.03,3
3,11,4,165,0,0,22.92,3
3,11,4,166,0,0,18.27,3
3,11,4,167,0,0,20.38,3
3,11,4,168,0,0,20.74,3
3,11,4,169,0,0,14.35,3
3,11,4,170,0,0,13.82,3
3,11,4,171,0,0,14.57,3
3,11,4,172,0,0,13,3
3,11,4,173,0,0,9.76,3
3,11,4,174,0,0,14.07,3
3,11,4,175,0,0,12.19,3
3,11,4,176,0,0,11.89,3
3,11,4,177,0,0,28.2,3
3,11,4,178,0,0,25.38,3
3,11,4,179,0,0,39.27,3
3,11,4,180,0,0,46.14,3
3,11,4,181,0,0,42.78,3
3,11,4,182,0,0,43.41,3
3,11,4,183,0,0,39.95,3
3,11,4,184,0,0,38.09,3
3,11,4,185,0,0,44.72,3
3,11,4,186,0,0,38.04,3
3,11,4,187,0,0,39.13,3
3,11,4,188,0,0,44.38,3
3,11,4,189,0,0,41.25,3
3,11,4,190,0,0,42.31,3
3,11,4,191,0,0,39.12,3
3,11,4,192,0,0,42.51,3
3,11,4,193,0,0,51.51,3
3,11,4,194,0,0,44.42,3
3,11,4,195,0,0,30.52,3
3,11,4,196,0,0,44.68,3
3,11,4,197,0,0,44.27,3
3,11,4,198,0,0,52.02,3
3,11,4,199,0,0,52.03,3
3,11,4,200,0,0,49.26,3
3,11,4,201,0,0,50.51,3
3,11,4,202,0,0,51.13,3
3,11,4,203,0,0,47.65,3
3,11,4,204,0,0,48.6,3
3,11,4,205,0,0,47.88,3
3,11,4,206,0,0,47.05,3
3,11,4,207,0,0,43.87,3
3,11,4,208,0,0,50.5,3
3,11,4,209,0,0,45.28,3
3,11,4,210,0,0,51.62,3
3,11,4,211,0,0,50.26,3
3,11,4,212,0,0,46.22,3
3,11,4,213,0,0,45.98,3
3,11,4,214,0,0,50.42,3
3,11,4,215,0,0,43.35,3
3,11,4,216,0,0,43.59,3
3,11,4,217,0,0,45.57,3
3,11,4,218,0,0,46.88,3
3,11,4,219,0,0,44.86,3
3,11,4,220,0,0,46.63,3
3,11,4,221,0,0,44.34,3
3,11,4,222,0,0,48.74,3
3,11,4,223,0,0,41.31,3
3,11,4,224,0,0,40.89,3
3,11,4,225,0,0,42.83,3
3,11,4,226,0,0,42.04,3
3,11,4,227,0,0,45.64,3
3,11,4,228,0,0,45.78,3
3,11,4,229,0,0,45.15,3
3,11,4,230,0,0,48.58,3
3,11,4,231,0,0,43.34,3
3,11,4,232,0,0,50.1,3
3,11,4,233,0,0,47.8,3
3,11,4,234,0,0,47.19,3
3,11,4,235,0,0,46.33,3
3,11,4,236,0,0,45.7,3
3,11,4,237,0,0,48.88,3
3,11,4,238,0,0,46.51,3
3,11,4,239,0,0,44.3,3
3,11,4,240,0,0,47.65,3
3,11,4,241,0,0,46.77,3
3,11,4,242,0,0,42,3
3,11,4,243,0,0,41.5,3
3,11,4,244,0,0,44.47,3
3,11,4,245,0,0,43.6,3
3,11,4,246,0,0,32.21,3
3,11,4,247,0,0,49.02,3
3,11,4,248,0,0,49.86,3
3,11,4,249,0,0,43.56,3
3,11,4,250,0,0,47.47,3
3,11,4,251,0,0,48.58,3
3,11,4,252,0,0,46.47,3
3,11,4,253,0,0,41.32,3
3,11,4,254,0,0,45.51,3
3,11,4,255,0,0,45.72,3
3,11,4,256,0,0,48.37,3
3,11,4,257,0,0,47.64,3
3,11,4,258,0,0,47.55,3
3,11,4,259,0,0,48.01,3
3,11,4,260,0,0,46.87,3
3,11,4,261,0,0,44.02,3
3,11,4,262,0,0,48.38,3
3,11,4,263,0,0,45.92,3
3,11,4,264,0,0,46.82,3
3,11,4,265,0,0,48.47,3
3,11,4,266,0,0,40.52,3
3,11,4,267,0,0,54.66,3
3,11,4,268,0,0,47.55,3
3,11,4,269,0,0,48.04,3
3,11,4,270,0,0,45.73,3
3,11,4,271,0,0,56.23,3
3,11,4,272,0,0,55.08,3
3,11,4,273,0,0,53.25,3
3,11,4,274,0,0,52.83,3
3,11,4,275,0,0,51.29,3
3,11,4,276,0,0,50.35,3
3,11,4,277,0,0,41.98,3
3,11,4,278,0,0,56.58,3
3,11,4,279,0,0,48.78,3
3,11,4,280,0,0,53.29,3
3,11,4,281,0,0,50.71,3
3,11,4,282,0,0,58.76,3
3,11,4,283,0,0,56.83,3
3,11,4,284,0,0,47.3,3
3,11,4,285,0,0,49.29,3
3,11,4,286,0,0,51.42,3
3,11,4,287,0,0,48,3
3,11,4,288,0,0,53.94,3
4,11,5,72,0,0,56,3
4,11,5,73,0,0,56.8,3
4,11,5,74,0,0,57.6,3
4,11,5,75,0,0,51.48,3
4,11,5,76,0,0,58.32,3
4,11,5,77,0,0,52.88,3
4,11,5,78,0,0,52.48,3
4,11,5,79,0,0,55.8,3
4,11,5,80,0,0,50.2,3
4,11,5,81,0,0,48.4,3
4,11,5,82,0,0,46.72,3
4,11,5,83,0,0,53.23,3
4,11,5,84,0,0,52,3
4,11,5,85,0,0,45.26,3
4,11,5,86,0,0,53.24,3
4,11,5,87,0,0,48.18,3
4,11,5,88,0,0,47.42,3
4,11,5,89,0,0,47.34,3
4,11,5,90,0,0,48.72,3
4,11,5,91,0,0,40.97,3
4,11,5,92,0,0,37.36,3
4,11,5,93,0,0,23.5,3
4,11,5,94,0,0,7.33,3
4,11,5,95,0,0,4.38,3
4,11,5,96,0,0,8.2,3
4,11,5,97,0,0,8.98,3
4,11,5,98,0,0,6.36,3
4,11,5,99,0,0,5.88,3
4,11,5,100,0,0,4.82,3
4,11,5,101,0,0,5.16,3
4,11,5,102,0,0,6.19,3
4,11,5,103,0,0,8.84,3
4,11,5,104,0,0,6.93,3
4,11,5,105,0,0,5.51,3
4,11,5,106,0,0,12.21,3
4,11,5,107,0,0,9.04,3
4,11,5,108,0,0,6.8,3
4,11,5,109,0,0,6.32,3
4,11,5,110,0,0,7.61,3
4,11,5,111,0,0,11.12,3
4,11,5,112,0,0,11.18,3
4,11,5,113,0,0,9.36,3
4,11,5,114,0,0,7.31,3
4,11,5,115,0,0,11.45,3
4,11,5,116,0,0,9.02,3
4,11,5,117,0,0,23.3,3
4,11,5,118,0,0,23.75,3
4,11,5,119,0,0,21.04,3
4,11,5,120,0,0,31.08,3
4,11,5,121,0,0,43.09,3
4,11,5,122,0,0,44.54,3
4,11,5,123,0,0,40.72,3
4,11,5,124,0,0,45.55,3
4,11,5,125,0,0,18.12,3
4,11,5,126,0,0,14.42,3
4,11,5,127,0,0,40.54,3
4,11,5,128,0,0,32.7,3
4,11,5,129,0,0,45.94,3
4,11,5,130,0,0,40.57,3
4,11,5,131,0,0,33.07,3
4,11,5,132,0,0,28.32,3
4,11,5,133,0,0,24.51,3
4,11,5,134,0,0,26.39,3
4,11,5,135,0,0,29.67,3
4,11,5,136,0,0,18.39,3
4,11,5,137,0,0,14.02,3
4,11,5,138,0,0,16.14,3
4,11,5,139,0,0,13.72,3
4,11,5,140,0,0,23.32,3
4,11,5,141,0,0,26.13,3
4,11,5,142,0,0,21.6,3
4,11,5,143,0,0,21.8,3
4,11,5,144,0,0,24.43,3
4,11,5,145,0,0,34.31,3
4,11,5,146,0,0,31.61,3
4,11,5,147,0,0,28.69,3
4,11,5,148,0,0,29.81,3
4,11,5,149,0,0,44.46,3
4,11,5,150,0,0,42.04,3
4,11,5,151,0,0,40.46,3
4,11,5,152,0,0,43.65,3
4,11,5,153,0,0,43.07,3
4,11,5,154,0,0,50.06,3
4,11,5,155,0,0,43.16,3
4,11,5,156,0,0,42.91,3
4,11,5,157,0,0,43.97,3
4,11,5,158,0,0,41.98,3
4,11,5,159,0,0,45.3,3
4,11,5,160,0,0,42.58,3
4,11,5,161,0,0,34.3,3
4,11,5,162,0,0,40.69,3
4,11,5,163,0,0,33.77,3
4,11,5,164,0,0,20.65,3
4,11,5,165,0,0,22.57,3
4,11,5,166,0,0,26.42,3
4,11,5,167,0,0,26.33,3
4,11,5,168,0,0,20.58,3
4,11,5,169,0,0,19.71,3
4,11,5,170,0,0,17.16,3
4,11,5,171,0,0,31.03,3
4,11,5,172,0,0,24.77,3
4,11,5,173,0,0,21.64,3
4,11,5,174,0,0,31.6,3
4,11,5,175,0,0,30.23,3
4,11,5,176,0,0,34.14,3
4,11,5,177,0,0,39.82,3
4,11,5,178,0,0,43.8,3
4,11,5,179,0,0,46.46,3
4,11,5,180,0,0,40.67,3
4,11,5,181,0,0,38.71,3
4,11,5,182,0,0,44.94,3
4,11,5,183,0,0,37.68,3
4,11,5,184,0,0,45.01,3
4,11,5,185,0,0,41.21,3
4,11,5,186,0,0,34.04,3
4,11,5,187,0,0,35.23,3
4,11,5,188,0,0,31.49,3
4,11,5,189,0,0,41.89,3
4,11,5,190,0,0,46.71,3
4,11,5,191,0,0,43.55,3
4,11,5,192,0,0,44.06,3
4,11,5,193,0,0,41.77,3
4,11,5,194,0,0,39.06,3
4,11,5,195,0,0,23.69,3
4,11,5,196,0,0,44.39,3
4,11,5,197,0,0,48.77,3
4,11,5,198,0,0,44.48,3
4,11,5,199,0,0,48.02,3
4,11,5,200,0,0,48.31,3
4,11,5,201,0,0,44.77,3
4,11,5,202,0,0,45.58,3
4,11,5,203,0,0,36,3
4,11,5,204,0,0,26.59,3
4,11,5,205,0,0,46.63,3
4,11,5,206,0,0,44.9,3
4,11,5,207,0,0,38.53,3
4,11,5,208,0,0,37.96,3
4,11,5,209,0,0,40.34,3
4,11,5,210,0,0,39.19,3
4,11,5,211,0,0,38.86,3
4,11,5,212,0,0,41.69,3
4,11,5,213,0,0,42.92,3
4,11,5,214,0,0,47.76,3
4,11,5,215,0,0,41.05,3
4,11,5,216,0,0,33.13,3
4,11,5,217,0,0,34.57,3
4,11,5,218,0,0,27.44,3
4,11,5,219,0,0,22.29,3
4,11,5,220,0,0,28.04,3
4,11,5,221,0,0,38.38,3
4,11,5,222,0,0,30.97,3
4,11,5,223,0,0,46.39,3
4,11,5,224,0,0,44.26,3
4,11,5,225,0,0,45.88,3
4,11,5,226,0,0,41.59,3
4,11,5,227,0,0,37.72,3
4,11,5,228,0,0,41.54,3
4,11,5,229,0,0,41.94,3
4,11,5,230,0,0,44.79,3
4,11,5,231,0,0,36.92,3
4,11,5,232,0,0,40.27,3
4,11,5,233,0,0,43.61,3
4,11,5,234,0,0,44.31,3
4,11,5,235,0,0,43.05,3
4,11,5,236,0,0,40.58,3
4,11,5,237,0,0,44.88,3
4,11,5,238,0,0,43.39,3
4,11,5,239,0,0,44.28,3
4,11,5,240,0,0,39.01,3
4,11,5,241,0,0,36.14,3
4,11,5,242,0,0,42.39,3
4,11,5,243,0,0,39.34,3
4,11,5,244,0,0,35.74,3
4,11,5,245,0,0,37.19,3
4,11,5,246,0,0,32.67,3
4,11,5,247,0,0,33.24,3
4,11,5,248,0,0,49.12,3
4,11,5,249,0,0,30.15,3
4,11,5,250,0,0,46.09,3
4,11,5,251,0,0,41.78,3
4,11,5,252,0,0,44.38,3
4,11,5,253,0,0,38,3
4,11,5,254,0,0,39.81,3
4,11,5,255,0,0,42.98,3
4,11,5,256,0,0,40.53,3
4,11,5,257,0,0,42.22,3
4,11,5,258,0,0,43.76,3
4,11,5,259,0,0,41.67,3
4,11,5,260,0,0,46.09,3
4,11,5,261,0,0,44.48,3
4,11,5,262,0,0,49.2,3
4,11,5,263,0,0,45.52,3
4,11,5,264,0,0,43.77,3
4,11,5,265,0,0,42.85,3
4,11,5,266,0,0,47.59,3
4,11,5,267,0,0,48.81,3
4,11,5,268,0,0,44.35,3
4,11,5,269,0,0,48.54,3
4,11,5,270,0,0,48.04,3
4,11,5,271,0,0,47.03,3
4,11,5,272,0,0,49.25,3
4,11,5,273,0,0,46.31,3
4,11,5,274,0,0,46.3,3
4,11,5,275,0,0,48.82,3
4,11,5,276,0,0,48.74,3
4,11,5,277,0,0,49.39,3
4,11,5,278,0,0,43.59,3
4,11,5,279,0,0,40.33,3
4,11,5,280,0,0,41.82,3
4,11,5,281,0,0,43.36,3
4,11,5,282,0,0,45.44,3
4,11,5,283,0,0,47.11,3
4,11,5,284,0,0,37.74,3
4,11,5,285,0,0,44.95,3
4,11,5,286,0,0,47.24,3
4,11,5,287,0,0,43.15,3
4,11,5,288,0,0,50.7,3
8,11,2,72,0,0,52,3
8,11,2,73,0,0,51.4,3
8,11,2,74,0,0,57.66,3
8,11,2,75,0,0,39.33,3
8,11,2,76,0,0,57.29,3
8,11,2,77,0,0,48.97,3
8,11,2,78,0,0,46.34,3
8,11,2,79,0,0,49.5,3
8,11,2,80,0,0,53.3,3
8,11,2,81,0,0,52.22,3
8,11,2,82,0,0,51.11,3
8,11,2,83,0,0,46.35,3
8,11,2,84,0,0,58.75,3
8,11,2,85,0,0,53.23,3
8,11,2,86,0,0,54.65,3
8,11,2,87,0,0,47.31,3
8,11,2,88,0,0,44.84,3
8,11,2,89,0,0,49.83,3
8,11,2,90,0,0,34.86,3
8,11,2,91,0,0,47.23,3
8,11,2,92,0,0,51.09,3
8,11,2,93,0,0,51.1,3
8,11,2,94,0,0,33.59,3
8,11,2,95,0,0,21.45,3
8,11,2,96,0,0,11.59,3
8,11,2,97,0,0,13.14,3
8,11,2,98,0,0,9.16,3
8,11,2,99,0,0,5.95,3
8,11,2,100,0,0,10.4,3
8,11,2,101,0,0,8.37,3
8,11,2,102,0,0,8.43,3
8,11,2,103,0,0,9.67,3
8,11,2,104,0,0,6.58,3
8,11,2,105,0,0,5.65,3
8,11,2,106,0,0,8,3
8,11,2,107,0,0,10.57,3
8,11,2,108,0,0,9.65,3
8,11,2,109,0,0,7.21,3
8,11,2,110,0,0,6.82,3
8,11,2,111,0,0,8.01,3
8,11,2,112,0,0,6.05,3
8,11,2,113,0,0,7.49,3
8,11,2,114,0,0,8.67,3
8,11,2,115,0,0,9.26,3
8,11,2,116,0,0,7.34,3
8,11,2,117,0,0,6.87,3
8,11,2,118,0,0,5.87,3
8,11,2,119,0,0,9.41,3
8,11,2,120,0,0,8.49,3
8,11,2,121,0,0,17.52,3
8,11,2,122,0,0,16.11,3
8,11,2,123,0,0,13.24,3
8,11,2,124,0,0,11.57,3
8,11,2,125,0,0,13.44,3
8,11,2,126,0,0,15.52,3
8,11,2,127,0,0,20.61,3
8,11,2,128,0,0,20.76,3
8,11,2,129,0,0,16.95,3
8,11,2,130,0,0,21.87,3
8,11,2,131,0,0,14.08,3
8,11,2,132,0,1,32.82,3
8,11,2,133,0,1,36.5,3
8,11,2,134,0,1,33.59,3
8,11,2,135,0,1,31.71,3
8,11,2,136,0,1,34.87,3
8,11,2,137,0,1,42.51,3
8,11,2,138,0,1,50.46,3
8,11,2,139,0,1,46.75,3
8,11,2,140,0,1,29.82,3
8,11,2,141,0,1,33.51,3
8,11,2,142,0,1,38.69,3
8,11,2,143,0,1,28.25,3
8,11,2,144,0,1,34.62,3
8,11,2,145,0,0,30.46,3
8,11,2,146,0,0,29.59,3
8,11,2,147,0,0,39.78,3
8,11,2,148,0,0,38.87,3
8,11,2,149,0,0,45.96,3
8,11,2,150,0,0,50.99,3
8,11,2,151,0,0,47.37,3
8,11,2,152,0,0,46.52,3
8,11,2,153,0,0,47.77,3
8,11,2,154,0,0,53.06,3
8,11,2,155,0,0,44.79,3
8,11,2,156,0,0,44.32,3
8,11,2,157,0,0,44.83,3
8,11,2,158,0,0,49.45,3
8,11,2,159,0,0,48.05,3
8,11,2,160,0,0,46.54,3
8,11,2,161,0,0,45.76,3
8,11,2,162,0,0,44.46,3
8,11,2,163,0,0,44.41,3
8,11,2,164,0,0,36.89,3
8,11,2,165,0,0,16.64,3
8,11,2,166,0,0,10.43,3
8,11,2,167,0,0,19.11,3
8,11,2,168,0,0,7.3,3
8,11,2,169,0,0,6.55,3
8,11,2,170,0,0,9.19,3
8,11,2,171,0,0,24.05,3
8,11,2,172,0,0,25.03,3
8,11,2,173,0,0,37.74,3
8,11,2,174,0,0,36.28,3
8,11,2,175,0,0,37.49,3
8,11,2,176,0,0,47.95,3
8,11,2,177,0,0,39.72,3
8,11,2,178,0,0,28.47,3
8,11,2,179,0,0,29.06,3
8,11,2,180,0,0,43.63,3
8,11,2,181,0,0,50.17,3
8,11,2,182,0,0,48.68,3
8,11,2,183,0,0,46.03,3
8,11,2,184,0,0,47.5,3
8,11,2,185,0,0,46.33,3
8,11,2,186,0,0,46.42,3
8,11,2,187,0,0,46.58,3
8,11,2,188,0,0,46.17,3
8,11,2,189,0,0,49.26,3
8,11,2,190,0,0,47.19,3
8,11,2,191,0,0,46.46,3
8,11,2,192,0,0,52.55,3
8,11,2,193,0,0,43.28,3
8,11,2,194,0,0,45.14,3
8,11,2,195,0,0,39.55,3
8,11,2,196,0,0,44.72,3
8,11,2,197,0,0,48.66,3
8,11,2,198,0,0,52.7,3
8,11,2,199,0,0,45.56,3
8,11,2,200,0,0,41.94,3
8,11,2,201,0,0,42.07,3
8,11,2,202,0,0,50.6,3
8,11,2,203,0,0,48.77,3
8,11,2,204,0,0,39.1,3
8,11,2,205,0,0,48.73,3
8,11,2,206,0,0,42.14,3
8,11,2,207,0,0,43.95,3
8,11,2,208,0,0,43.97,3
8,11,2,209,0,0,45.11,3
8,11,2,210,0,0,47,3
8,11,2,211,0,0,46.19,3
8,11,2,212,0,0,42.52,3
8,11,2,213,0,0,45.93,3
8,11,2,214,0,0,34.52,3
8,11,2,215,0,0,31.59,3
8,11,2,216,0,0,41.88,3
8,11,2,217,0,0,45.46,3
8,11,2,218,0,0,45.7,3
8,11,2,219,0,0,45.57,3
8,11,2,220,0,0,43.55,3
8,11,2,221,0,0,43.79,3
8,11,2,222,0,0,45.98,3
8,11,2,223,0,0,49.27,3
8,11,2,224,0,0,43.58,3
8,11,2,225,0,0,51.31,3
8,11,2,226,0,0,47.5,3
8,11,2,227,0,0,48.43,3
8,11,2,228,0,0,49.06,3
8,11,2,229,0,0,40.74,3
8,11,2,230,0,0,48.34,3
8,11,2,231,0,0,44.02,3
8,11,2,232,0,0,45.22,3
8,11,2,233,0,0,48.63,3
8,11,2,234,0,0,40.71,3
8,11,2,235,0,0,48.42,3
8,11,2,236,0,0,48.17,3
8,11,2,237,0,0,45.48,3
8,11,2,238,0,0,44.97,3
8,11,2,239,0,0,44.51,3
8,11,2,240,0,0,49.53,3
8,11,2,241,0,0,44.54,3
8,11,2,242,0,0,41.64,3
8,11,2,243,0,0,37.77,3
8,11,2,244,0,0,44.75,3
8,11,2,245,0,0,43.1,3
8,11,2,246,0,0,45.61,3
8,11,2,247,0,0,26.16,3
8,11,2,248,0,0,26.24,3
8,11,2,249,0,0,31.41,3
8,11,2,250,0,0,31.5,3
8,11,2,251,0,0,24.95,3
8,11,2,252,0,0,32.6,3
8,11,2,253,0,0,42.86,3
8,11,2,254,0,0,47.83,3
8,11,2,255,0,0,42.72,3
8,11,2,256,0,0,48.03,3
8,11,2,257,0,0,42.09,3
8,11,2,258,0,0,42.18,3
8,11,2,259,0,0,48.64,3
8,11,2,260,0,0,44.11,3
8,11,2,261,0,0,44.62,3
8,11,2,262,0,0,39.68,3
8,11,2,263,0,0,40.1,3
8,11,2,264,0,0,43.62,3
8,11,2,265,0,0,41.2,3
8,11,2,266,0,0,48.5,3
8,11,2,267,0,0,39.01,3
8,11,2,268,0,0,50.21,3
8,11,2,269,0,0,49.47,3
8,11,2,270,0,0,43.98,3
8,11,2,271,0,0,43.54,3
8,11,2,272,0,0,41.47,3
8,11,2,273,0,0,48.73,3
8,11,2,274,0,0,48.33,3
8,11,2,275,0,0,52.83,3
8,11,2,276,0,0,52.8,3
8,11,2,277,0,0,49.76,3
8,11,2,278,0,0,49.78,3
8,11,2,279,0,0,49.75,3
8,11,2,280,0,0,51.58,3
8,11,2,281,0,0,51.1,3
8,11,2,282,0,0,43.76,3
8,11,2,283,0,0,51.88,3
8,11,2,284,0,0,49.4,3
8,11,2,285,0,0,45.3,3
8,11,2,286,0,0,49.4,3
8,11,2,287,0,0,51.43,3
8,11,2,288,0,0,48.76,3
9,11,3,72,0,0,51.01,1
9,11,3,73,0,0,38.85,1
9,11,3,74,0,0,53.2,1
9,11,3,75,0,0,52.9,1
9,11,3,76,0,0,53.6,1
9,11,3,77,0,0,54.93,1
9,11,3,78,0,0,54.34,1
9,11,3,79,0,0,50.15,1
9,11,3,80,0,0,51.17,1
9,11,3,81,0,0,54.1,1
9,11,3,82,0,0,66.69,1
9,11,3,83,0,0,52.12,1
9,11,3,84,0,0,56.23,1
9,11,3,85,0,0,43,1
9,11,3,86,0,0,56.2,1
9,11,3,87,0,0,43.36,1
9,11,3,88,0,0,35.43,1
9,11,3,89,0,0,50.99,1
9,11,3,90,0,0,42.2,1
9,11,3,91,0,0,41.25,1
9,11,3,92,0,0,49.06,1
9,11,3,93,0,0,49.05,1
9,11,3,94,0,0,41.23,1
9,11,3,95,0,0,49.06,1
9,11,3,96,0,0,43.49,1
9,11,3,97,0,0,43.54,1
9,11,3,98,0,0,30.77,1
9,11,3,99,0,0,25.99,1
9,11,3,100,0,0,31.34,1
9,11,3,101,0,0,19.81,1
9,11,3,102,0,0,29.73,1
9,11,3,103,0,0,16.74,1
9,11,3,104,0,0,8.1,1
9,11,3,105,0,0,11.97,1
9,11,3,106,0,0,10.33,1
9,11,3,107,0,0,5.84,1
9,11,3,108,0,0,7.23,1
9,11,3,109,0,0,29.84,1
9,11,3,110,0,0,32.25,1
9,11,3,111,0,0,34.83,1
9,11,3,112,0,0,36.14,1
9,11,3,113,0,0,44.71,1
9,11,3,114,0,0,31.11,1
9,11,3,115,0,0,17.81,1
9,11,3,116,0,0,16.81,1
9,11,3,117,0,0,27.17,1
9,11,3,118,0,0,23.01,1
9,11,3,119,0,0,15.8,1
9,11,3,120,0,0,10.81,1
9,11,3,121,0,0,13.54,1
9,11,3,122,0,0,23.24,1
9,11,3,123,0,0,21.24,1
9,11,3,124,0,0,23.99,1
9,11,3,125,0,0,22.58,1
9,11,3,126,0,0,13.65,1
9,11,3,127,0,0,33.82,1
9,11,3,128,0,0,37.48,1
9,11,3,129,0,0,42.36,1
9,11,3,130,0,0,29.05,1
9,11,3,131,0,0,28.67,1
9,11,3,132,0,0,39.44,1
9,11,3,133,0,0,37.03,1
9,11,3,134,0,0,33.31,1
9,11,3,135,0,0,35.7,1
9,11,3,136,0,0,28.79,1
9,11,3,137,0,0,23.35,1
9,11,3,138,0,0,43.36,1
9,11,3,139,0,0,49.16,1
9,11,3,140,0,0,47.99,1
9,11,3,141,0,0,46.13,1
9,11,3,142,0,0,46.65,1
9,11,3,143,0,0,47.04,1
9,11,3,144,0,0,48.32,1
9,11,3,145,0,0,48.39,1
9,11,3,146,0,0,47.98,1
9,11,3,147,0,0,39.22,1
9,11,3,148,0,0,42.11,1
9,11,3,149,0,0,46.46,1
9,11,3,150,0,0,41.2,1
9,11,3,151,0,0,46.29,1
9,11,3,152,0,0,41.17,1
9,11,3,153,0,0,47.7,1
9,11,3,154,0,0,45.87,1
9,11,3,155,0,0,45.88,1
9,11,3,156,0,0,46.2,1
9,11,3,157,0,0,43.4,1
9,11,3,158,0,0,49.79,1
9,11,3,159,0,0,44.5,1
9,11,3,160,0,0,45.53,1
9,11,3,161,0,0,45.24,1
9,11,3,162,0,0,40.58,1
9,11,3,163,0,0,41.6,1
9,11,3,164,0,0,43.75,1
9,11,3,165,0,0,43.72,1
9,11,3,166,0,0,44.79,1
9,11,3,167,0,0,44.29,1
9,11,3,168,0,0,43.02,1
9,11,3,169,0,0,48.38,1
9,11,3,170,0,0,40.98,1
9,11,3,171,0,0,44.47,1
9,11,3,172,0,0,40.53,1
9,11,3,173,0,0,34.45,1
9,11,3,174,0,0,22.96,1
9,11,3,175,0,0,34.15,1
9,11,3,176,0,0,40.42,1
9,11,3,177,0,0,42.93,1
9,11,3,178,0,0,41.06,1
9,11,3,179,0,0,42.28,1
9,11,3,180,0,0,37.39,1
9,11,3,181,0,0,39.8,1
9,11,3,182,0,0,41.24,1
9,11,3,183,0,0,36.49,1
9,11,3,184,0,0,38.89,1
9,11,3,185,0,0,40.6,1
9,11,3,186,0,0,44.23,1
9,11,3,187,0,0,44.11,1
9,11,3,188,0,0,39.39,1
9,11,3,189,0,0,43.3,1
9,11,3,190,0,0,39.73,1
9,11,3,191,0,0,46.27,1
9,11,3,192,0,0,52.69,1
9,11,3,193,0,0,49.85,1
9,11,3,194,0,0,49.06,1
9,11,3,195,0,0,42.11,1
9,11,3,196,0,0,47.93,1
9,11,3,197,0,0,46.57,1
9,11,3,198,0,0,39.9,1
9,11,3,199,0,0,45.89,1
9,11,3,200,0,0,45.11,1
9,11,3,201,0,0,47.12,1
9,11,3,202,0,0,40.97,1
9,11,3,203,0,0,42.05,1
9,11,3,204,0,0,47.36,1
9,11,3,205,0,0,47,1
9,11,3,206,0,0,42.9,1
9,11,3,207,0,0,43.68,1
9,11,3,208,0,0,47.78,1
9,11,3,209,0,0,47.15,1
9,11,3,210,0,0,51.61,1
9,11,3,211,0,0,43.69,1
9,11,3,212,0,0,43.66,1
9,11,3,213,0,0,43.9,1
9,11,3,214,0,0,42.51,1
9,11,3,215,0,0,34.77,1
9,11,3,216,0,0,19.47,1
9,11,3,217,0,0,27.35,1
9,11,3,218,0,0,39.07,1
9,11,3,219,0,0,46.58,1
9,11,3,220,0,0,43.88,1
9,11,3,221,0,0,48.46,1
9,11,3,222,0,0,42.57,1
9,11,3,223,0,0,44.85,1
9,11,3,224,0,0,43.72,1
9,11,3,225,0,0,44.15,1
9,11,3,226,0,0,49.27,1
9,11,3,227,0,0,46.09,1
9,11,3,228,0,0,45.22,1
9,11,3,229,0,0,43.89,1
9,11,3,230,0,0,46.15,1
9,11,3,231,0,0,49.1,1
9,11,3,232,0,0,43.56,1
9,11,3,233,0,0,47.81,1
9,11,3,234,0,0,41.49,1
9,11,3,235,0,0,43.46,1
9,11,3,236,0,0,47.24,1
9,11,3,237,0,0,38.82,1
9,11,3,238,0,0,46.29,1
9,11,3,239,0,0,44.24,1
9,11,3,240,0,0,45.2,1
9,11,3,241,0,0,43.81,1
9,11,3,242,0,0,50.62,1
9,11,3,243,0,0,40.62,1
9,11,3,244,0,0,31.48,1
9,11,3,245,0,0,34.79,1
9,11,3,246,0,0,35,1
9,11,3,247,0,0,40.34,1
9,11,3,248,0,0,43.57,1
9,11,3,249,0,0,33.57,1
9,11,3,250,0,0,36.83,1
9,11,3,251,0,0,40,1
9,11,3,252,0,0,40.02,1
9,11,3,253,0,0,47.91,1
9,11,3,254,0,0,45.12,1
9,11,3,255,0,0,38.2,1
9,11,3,256,0,0,40.77,1
9,11,3,257,0,0,45.27,1
9,11,3,258,0,0,44.61,1
9,11,3,259,0,0,44.2,1
9,11,3,260,0,0,46.39,1
9,11,3,261,0,0,47.15,1
9,11,3,262,0,0,42.88,1
9,11,3,263,0,0,45.07,1
9,11,3,264,0,0,47.96,1
9,11,3,265,0,0,44.23,1
9,11,3,266,0,0,47.26,1
9,11,3,267,0,0,49.11,1
9,11,3,268,0,0,53.05,1
9,11,3,269,0,0,48.45,1
9,11,3,270,0,0,53.18,1
9,11,3,271,0,0,49.57,1
9,11,3,272,0,0,38.93,1
9,11,3,273,0,0,42.43,1
9,11,3,274,0,0,53.54,1
9,11,3,275,0,0,44.06,1
9,11,3,276,0,0,47.45,1
9,11,3,277,0,0,49.28,1
9,11,3,278,0,0,44.73,1
9,11,3,279,0,0,48.5,1
9,11,3,280,0,0,49.41,1
9,11,3,281,0,0,54.5,1
9,11,3,282,0,0,50.96,1
9,11,3,283,0,0,50.67,1
9,11,3,284,0,0,49.86,1
9,11,3,285,0,0,47.28,1
9,11,3,286,0,0,47.16,1
9,11,3,287,0,0,48.55,1
9,11,3,288,0,0,59.32,1
10,11,4,72,0,0,53.97,3
10,11,4,73,0,0,51.295,3
10,11,4,74,0,0,48.62,3
10,11,4,75,0,0,52.4,3
10,11,4,76,0,0,54.27,3
10,11,4,77,0,0,49.01,3
10,11,4,78,0,0,62.61,3
10,11,4,79,0,0,55.32,3
10,11,4,80,0,0,48.37,3
10,11,4,81,0,0,51.82,3
10,11,4,82,0,0,58.85,3
10,11,4,83,0,0,47.68,3
10,11,4,84,0,0,51.89,3
10,11,4,85,0,0,51.03,3
10,11,4,86,0,0,46.01,3
10,11,4,87,0,0,49.86,3
10,11,4,88,0,0,46.09,3
10,11,4,89,0,0,46.28,3
10,11,4,90,0,0,47.76,3
10,11,4,91,0,0,39.04,3
10,11,4,92,0,0,32,3
10,11,4,93,0,0,47.75,3
10,11,4,94,0,0,41.29,3
10,11,4,95,0,0,26.53,3
10,11,4,96,0,0,14.2,3
10,11,4,97,0,0,9.5,3
10,11,4,98,0,0,5.62,3
10,11,4,99,0,0,8.01,3
10,11,4,100,0,0,3.76,3
10,11,4,101,0,0,6.01,3
10,11,4,102,0,0,10.32,3
10,11,4,103,0,0,5.07,3
10,11,4,104,0,0,5.67,3
10,11,4,105,0,0,5.42,3
10,11,4,106,0,0,6.66,3
10,11,4,107,0,0,8.28,3
10,11,4,108,0,0,6.68,3
10,11,4,109,0,0,7.12,3
10,11,4,110,0,0,8.4,3
10,11,4,111,0,0,11.75,3
10,11,4,112,0,0,11.55,3
10,11,4,113,0,0,9.37,3
10,11,4,114,0,0,15.17,3
10,11,4,115,0,0,10.58,3
10,11,4,116,0,0,19.93,3
10,11,4,117,0,0,24.08,3
10,11,4,118,0,0,23.6,3
10,11,4,119,0,0,20.18,3
10,11,4,120,0,0,22.41,3
10,11,4,121,0,0,21.03,3
10,11,4,122,0,0,26.41,3
10,11,4,123,0,0,32.39,3
10,11,4,124,0,0,15.05,3
10,11,4,125,0,0,11.93,3
10,11,4,126,0,0,10.74,3
10,11,4,127,0,0,21.8,3
10,11,4,128,0,0,28.38,3
10,11,4,129,0,0,15.52,3
10,11,4,130,0,0,6.35,3
10,11,4,131,0,0,10.56,3
10,11,4,132,0,0,27.39,3
10,11,4,133,0,0,27.5,3
10,11,4,134,0,0,23.84,3
10,11,4,135,0,0,17.43,3
10,11,4,136,0,0,20.82,3
10,11,4,137,0,0,38.04,3
10,11,4,138,0,0,45.4,3
10,11,4,139,0,0,44.72,3
10,11,4,140,0,0,45.63,3
10,11,4,141,0,0,47.04,3
10,11,4,142,0,0,35.24,3
10,11,4,143,0,0,39.38,3
10,11,4,144,0,0,45.96,3
10,11,4,145,0,0,48.17,3
10,11,4,146,0,0,46.78,3
10,11,4,147,0,0,39.84,3
10,11,4,148,0,0,45.25,3
10,11,4,149,0,0,42.77,3
10,11,4,150,0,0,39.31,3
10,11,4,151,0,0,44.19,3
10,11,4,152,0,0,40.94,3
10,11,4,153,0,0,47.31,3
10,11,4,154,0,0,40.73,3
10,11,4,155,0,0,40,3
10,11,4,156,0,0,51.27,3
10,11,4,157,0,0,45.42,3
10,11,4,158,0,0,44.93,3
10,11,4,159,0,0,45.12,3
10,11,4,160,0,0,41.86,3
10,11,4,161,0,0,41.89,3
10,11,4,162,0,0,37.13,3
10,11,4,163,0,0,41.52,3
10,11,4,164,0,0,35.3,3
10,11,4,165,0,0,40.54,3
10,11,4,166,0,0,34.78,3
10,11,4,167,0,0,42.87,3
10,11,4,168,0,0,22.88,3
10,11,4,169,0,0,20.58,3
10,11,4,170,0,0,20.02,3
10,11,4,171,0,0,13.46,3
10,11,4,172,0,0,23.72,3
10,11,4,173,0,0,21.37,3
10,11,4,174,0,0,14.13,3
10,11,4,175,0,0,11.41,3
10,11,4,176,0,0,11.55,3
10,11,4,177,0,0,10.96,3
10,11,4,178,0,0,11.81,3
10,11,4,179,0,0,15.58,3
10,11,4,180,0,0,22.13,3
10,11,4,181,0,0,36.32,3
10,11,4,182,0,0,25.4,3
10,11,4,183,0,0,23.3,3
10,11,4,184,0,0,36.22,3
10,11,4,185,0,0,46.66,3
10,11,4,186,0,0,47.11,3
10,11,4,187,0,0,40.37,3
10,11,4,188,0,0,41.24,3
10,11,4,189,0,0,31.44,3
10,11,4,190,0,0,33.46,3
10,11,4,191,0,0,45,3
10,11,4,192,0,0,43.2,3
10,11,4,193,0,0,39.31,3
10,11,4,194,0,0,38.56,3
10,11,4,195,0,0,35.86,3
10,11,4,196,0,0,40.46,3
10,11,4,197,0,0,45.18,3
10,11,4,198,0,0,45.84,3
10,11,4,199,0,0,46.34,3
10,11,4,200,0,0,46.19,3
10,11,4,201,0,0,44.03,3
10,11,4,202,0,0,46.5,3
10,11,4,203,0,0,51.88,3
10,11,4,204,0,0,46.24,3
10,11,4,205,0,0,41.23,3
10,11,4,206,0,0,44.82,3
10,11,4,207,0,0,39.56,3
10,11,4,208,0,0,35.34,3
10,11,4,209,0,0,42.98,3
10,11,4,210,0,0,42.02,3
10,11,4,211,0,0,48.73,3
10,11,4,212,0,0,43.41,3
10,11,4,213,0,0,44.63,3
10,11,4,214,0,0,48.89,3
10,11,4,215,0,0,37.92,3
10,11,4,216,0,0,44.7,3
10,11,4,217,0,0,44.95,3
10,11,4,218,0,0,44.46,3
10,11,4,219,0,0,43.76,3
10,11,4,220,0,0,37.75,3
10,11,4,221,0,0,39.45,3
10,11,4,222,0,0,30.53,3
10,11,4,223,0,0,32.67,3
10,11,4,224,0,0,33.53,3
10,11,4,225,0,0,36.97,3
10,11,4,226,0,0,39.24,3
10,11,4,227,0,0,42.67,3
10,11,4,228,0,0,46.32,3
10,11,4,229,0,0,44.62,3
10,11,4,230,0,0,43.59,3
10,11,4,231,0,0,42.74,3
10,11,4,232,0,0,40.6,3
10,11,4,233,0,0,39.65,3
10,11,4,234,0,0,41.81,3
10,11,4,235,0,0,44.45,3
10,11,4,236,0,0,42.67,3
10,11,4,237,0,0,41.39,3
10,11,4,238,0,0,40.08,3
10,11,4,239,0,0,47.1,3
10,11,4,240,0,0,44.59,3
10,11,4,241,0,0,44.68,3
10,11,4,242,0,0,47.61,3
10,11,4,243,0,0,47.49,3
10,11,4,244,0,0,40.6,3
10,11,4,245,0,0,39.32,3
10,11,4,246,0,0,43.56,3
10,11,4,247,0,0,49.52,3
10,11,4,248,0,0,44.44,3
10,11,4,249,0,0,43.87,3
10,11,4,250,0,0,43.93,3
10,11,4,251,0,0,44.6,3
10,11,4,252,0,0,45.54,3
10,11,4,253,0,0,49.38,3
10,11,4,254,0,0,45.37,3
10,11,4,255,0,0,47.32,3
10,11,4,256,0,0,46.47,3
10,11,4,257,0,0,48.44,3
10,11,4,258,0,0,43.14,3
10,11,4,259,0,0,44.97,3
10,11,4,260,0,0,47.55,3
10,11,4,261,0,0,51.07,3
10,11,4,262,0,0,47.69,3
10,11,4,263,0,0,46.69,3
10,11,4,264,0,0,50.78,3
10,11,4,265,0,0,51.08,3
10,11,4,266,0,0,48.69,3
10,11,4,267,0,0,47.29,3
10,11,4,268,0,0,47.09,3
10,11,4,269,0,0,51.07,3
10,11,4,270,0,0,53.5,3
10,11,4,271,0,0,45.64,3
10,11,4,272,0,0,41.25,3
10,11,4,273,0,0,48.63,3
10,11,4,274,0,0,49.05,3
10,11,4,275,0,0,50.64,3
10,11,4,276,0,0,47.28,3
10,11,4,277,0,0,45.41,3
10,11,4,278,0,0,50.29,3
10,11,4,279,0,0,49.22,3
10,11,4,280,0,0,52.94,3
10,11,4,281,0,0,48.94,3
10,11,4,282,0,0,49.27,3
10,11,4,283,0,0,49.6,3
10,11,4,284,0,0,47.7,3
10,11,4,285,0,0,49.48,3
10,11,4,286,0,0,49.93,3
10,11,4,287,0,0,51.52,3
10,11,4,288,0,0,57.53,3
11,11,5,72,0,1,60.605,3
11,11,5,73,0,0,63.68,3
11,11,5,74,0,0,58.2,3
11,11,5,75,0,0,59.43,3
11,11,5,76,0,0,60.66,3
11,11,5,77,0,0,47.73,3
11,11,5,78,0,0,44.94,3
11,11,5,79,0,0,49.57,3
11,11,5,80,0,0,52.59,3
11,11,5,81,0,0,43.72,3
11,11,5,82,0,0,45.13,3
11,11,5,83,0,0,49.53,3
11,11,5,84,0,0,49.23,3
11,11,5,85,0,0,42.94,3
11,11,5,86,0,0,40.84,3
11,11,5,87,0,0,48.23,3
11,11,5,88,0,0,42.8,3
11,11,5,89,0,0,47.33,3
11,11,5,90,0,0,42.12,3
11,11,5,91,0,0,40.41,3
11,11,5,92,0,0,37.39,3
11,11,5,93,0,0,44.3,3
11,11,5,94,0,0,40.61,3
11,11,5,95,0,0,33.34,3
11,11,5,96,0,0,16.15,3
11,11,5,97,0,0,23.59,3
11,11,5,98,0,0,18.81,3
11,11,5,99,0,0,23.89,3
11,11,5,100,0,0,10.03,3
11,11,5,101,0,0,9.19,3
11,11,5,102,0,0,11.16,3
11,11,5,103,0,0,12.57,3
11,11,5,104,0,0,7.05,3
11,11,5,105,0,0,4.13,3
11,11,5,106,0,0,6.55,3
11,11,5,107,0,0,10.96,3
11,11,5,108,0,0,9.01,3
11,11,5,109,0,0,17.28,3
11,11,5,110,0,0,18.91,3
11,11,5,111,0,0,38.9,3
11,11,5,112,0,0,22.16,3
11,11,5,113,0,0,6.98,3
11,11,5,114,0,0,6.16,3
11,11,5,115,0,0,9.05,3
11,11,5,116,0,0,12.51,3
11,11,5,117,0,0,12.59,3
11,11,5,118,0,0,14.86,3
11,11,5,119,0,0,19.64,3
11,11,5,120,0,0,19.09,3
11,11,5,121,0,0,16.65,3
11,11,5,122,0,0,8.56,3
11,11,5,123,0,0,25.25,3
11,11,5,124,0,0,36.97,3
11,11,5,125,0,0,27.81,3
11,11,5,126,0,0,31.73,3
11,11,5,127,0,0,40.32,3
11,11,5,128,0,0,30.51,3
11,11,5,129,0,0,28,3
11,11,5,130,0,0,9.83,3
11,11,5,131,0,0,9.29,3
11,11,5,132,0,0,15.12,3
11,11,5,133,0,0,25.45,3
11,11,5,134,0,0,6.34,3
11,11,5,135,0,0,4.58,3
11,11,5,136,0,0,6.03,3
11,11,5,137,0,0,7.27,3
11,11,5,138,0,0,6.7,3
11,11,5,139,0,0,10.84,3
11,11,5,140,0,0,30.56,3
11,11,5,141,0,0,40.58,3
11,11,5,142,0,0,33.11,3
11,11,5,143,0,0,29.65,3
11,11,5,144,0,0,41.67,3
11,11,5,145,0,0,42.68,3
11,11,5,146,0,0,52.41,3
11,11,5,147,0,0,49.63,3
11,11,5,148,0,0,49.69,3
11,11,5,149,0,0,48.3,3
11,11,5,150,0,0,49.8,3
11,11,5,151,0,0,49.84,3
11,11,5,152,0,0,50.51,3
11,11,5,153,0,0,47.25,3
11,11,5,154,0,0,44.66,3
11,11,5,155,0,0,42.44,3
11,11,5,156,0,0,45.09,3
11,11,5,157,0,0,46.5,3
11,11,5,158,0,0,40.67,3
11,11,5,159,0,0,48.43,3
11,11,5,160,0,0,37.65,3
11,11,5,161,0,0,45.83,3
11,11,5,162,0,0,43.8,3
11,11,5,163,0,0,44.66,3
11,11,5,164,0,0,39.96,3
11,11,5,165,0,0,30.78,3
11,11,5,166,0,0,39.28,3
11,11,5,167,0,0,32.92,3
11,11,5,168,0,0,16.74,3
11,11,5,169,0,0,26,3
11,11,5,170,0,0,14.93,3
11,11,5,171,0,0,11.78,3
11,11,5,172,0,0,12.74,3
11,11,5,173,0,0,24.49,3
11,11,5,174,0,0,24.27,3
11,11,5,175,0,0,29.87,3
11,11,5,176,0,0,21.81,3
11,11,5,177,0,0,28.25,3
11,11,5,178,0,0,37.08,3
11,11,5,179,0,0,44.23,3
11,11,5,180,0,0,43.07,3
11,11,5,181,0,0,44.92,3
11,11,5,182,0,0,40.27,3
11,11,5,183,0,0,43.67,3
11,11,5,184,0,0,36.96,3
11,11,5,185,0,0,42.03,3
11,11,5,186,0,0,43.35,3
11,11,5,187,0,0,45.58,3
11,11,5,188,0,0,47.84,3
11,11,5,189,0,0,36.01,3
11,11,5,190,0,0,29.95,3
11,11,5,191,0,0,24.56,3
11,11,5,192,0,0,35.69,3
11,11,5,193,0,0,38.47,3
11,11,5,194,0,0,35,3
11,11,5,195,0,0,38.53,3
11,11,5,196,0,0,42.09,3
11,11,5,197,0,0,39.66,3
11,11,5,198,0,0,44.06,3
11,11,5,199,0,0,46.01,3
11,11,5,200,0,0,45.35,3
11,11,5,201,0,0,44.78,3
11,11,5,202,0,0,48.1,3
11,11,5,203,0,0,44.31,3
11,11,5,204,0,0,48.69,3
11,11,5,205,0,0,34.25,3
11,11,5,206,0,0,37.34,3
11,11,5,207,0,0,39.32,3
11,11,5,208,0,0,31.46,3
11,11,5,209,0,0,19.61,3
11,11,5,210,0,0,8.17,3
11,11,5,211,0,0,10.58,3
11,11,5,212,0,0,14.32,3
11,11,5,213,0,0,8.06,3
11,11,5,214,0,0,5.74,3
11,11,5,215,0,0,8.39,3
11,11,5,216,0,0,7.8,3
11,11,5,217,0,0,10.74,3
11,11,5,218,0,0,10.42,3
11,11,5,219,0,0,25.95,3
11,11,5,220,0,0,21.31,3
11,11,5,221,0,0,29.62,3
11,11,5,222,0,0,31.32,3
11,11,5,223,0,0,44,3
11,11,5,224,0,0,45.39,3
11,11,5,225,0,0,47.67,3
11,11,5,226,0,0,43.38,3
11,11,5,227,0,0,47.22,3
11,11,5,228,0,0,46.32,3
11,11,5,229,0,0,38.56,3
11,11,5,230,0,0,46.63,3
11,11,5,231,0,0,45.19,3
11,11,5,232,0,0,38.2,3
11,11,5,233,0,0,45.45,3
11,11,5,234,0,0,41.93,3
11,11,5,235,0,0,45.42,3
11,11,5,236,0,0,50.32,3
11,11,5,237,0,0,43.19,3
11,11,5,238,0,0,43.85,3
11,11,5,239,0,0,41.32,3
11,11,5,240,0,0,45.02,3
11,11,5,241,0,0,41.64,3
11,11,5,242,0,0,42.41,3
11,11,5,243,0,0,40.76,3
11,11,5,244,0,0,37.72,3
11,11,5,245,0,0,29.33,3
11,11,5,246,0,0,27.9,3
11,11,5,247,0,0,39.12,3
11,11,5,248,0,0,45.92,3
11,11,5,249,0,0,34.08,3
11,11,5,250,0,0,41.67,3
11,11,5,251,0,0,43.98,3
11,11,5,252,0,0,44.48,3
11,11,5,253,0,0,44.8,3
11,11,5,254,0,0,46.36,3
11,11,5,255,0,0,44.72,3
11,11,5,256,0,0,47.48,3
11,11,5,257,0,0,42.41,3
11,11,5,258,0,0,42.79,3
11,11,5,259,0,0,47.33,3
11,11,5,260,0,0,45.81,3
11,11,5,261,0,0,47.34,3
11,11,5,262,0,0,50.31,3
11,11,5,263,0,0,46.01,3
11,11,5,264,0,0,47.43,3
11,11,5,265,0,0,45.88,3
11,11,5,266,0,0,51.43,3
11,11,5,267,0,0,45.8,3
11,11,5,268,0,0,49.61,3
11,11,5,269,0,0,49.79,3
11,11,5,270,0,0,52.26,3
11,11,5,271,0,0,46.14,3
11,11,5,272,0,0,48.57,3
11,11,5,273,0,0,42.12,3
11,11,5,274,0,0,41.01,3
11,11,5,275,0,0,47.89,3
11,11,5,276,0,0,44.39,3
11,11,5,277,0,0,51.01,3
11,11,5,278,0,0,48.87,3
11,11,5,279,0,0,43.76,3
11,11,5,280,0,0,46.58,3
11,11,5,281,0,0,49.77,3
11,11,5,282,0,0,47.93,3
11,11,5,283,0,0,50.83,3
11,11,5,284,0,0,53.54,3
11,11,5,285,0,0,47.63,3
11,11,5,286,0,0,46.47,3
11,11,5,287,0,0,54.01,3
11,11,5,288,0,0,53.98,3
14,11,1,72,0,0,41.7,1
14,11,1,73,0,0,51.565,1
14,11,1,74,0,0,61.43,1
14,11,1,75,0,0,55.23,1
14,11,1,76,0,0,50.28,1
14,11,1,77,0,0,47.25,1
14,11,1,78,0,0,54,1
14,11,1,79,0,0,53.67,1
14,11,1,80,0,0,55.5,1
14,11,1,81,0,0,48.7,1
14,11,1,82,0,0,54.5,1
14,11,1,83,0,0,50,1
14,11,1,84,0,0,47.54,1
14,11,1,85,0,0,52.94,1
14,11,1,86,0,0,44.93,1
14,11,1,87,0,0,49.56,1
14,11,1,88,0,0,47.65,1
14,11,1,89,0,0,42.63,1
14,11,1,90,0,0,41.25,1
14,11,1,91,0,0,26.49,1
14,11,1,92,0,0,23.99,1
14,11,1,93,0,0,21.93,1
14,11,1,94,0,0,24.14,1
14,11,1,95,0,0,14.18,1
14,11,1,96,0,0,8.83,1
14,11,1,97,0,0,9.38,1
14,11,1,98,0,0,6.91,1
14,11,1,99,0,0,6.22,1
14,11,1,100,0,0,7.27,1
14,11,1,101,0,0,8.77,1
14,11,1,102,0,0,7.29,1
14,11,1,103,0,0,5.65,1
14,11,1,104,0,0,4.46,1
14,11,1,105,0,0,6.85,1
14,11,1,106,0,0,8.7,1
14,11,1,107,0,0,7.1,1
14,11,1,108,0,0,18.03,1
14,11,1,109,0,0,36.72,1
14,11,1,110,0,0,47.77,1
14,11,1,111,0,0,47.22,1
14,11,1,112,0,0,43.29,1
14,11,1,113,0,0,39.99,1
14,11,1,114,0,0,32.99,1
14,11,1,115,0,0,22.04,1
14,11,1,116,0,0,15.08,1
14,11,1,117,0,0,29.73,1
14,11,1,118,0,0,25.74,1
14,11,1,119,0,0,16.29,1
14,11,1,120,0,0,32.7,1
14,11,1,121,0,0,38.77,1
14,11,1,122,0,0,35.97,1
14,11,1,123,0,0,30.13,1
14,11,1,124,0,0,19.39,1
14,11,1,125,0,0,40.3,1
14,11,1,126,0,0,45.71,1
14,11,1,127,0,0,47.68,1
14,11,1,128,0,0,48.61,1
14,11,1,129,0,0,46.15,1
14,11,1,130,0,0,43.37,1
14,11,1,131,0,0,40.84,1
14,11,1,132,0,0,44.26,1
14,11,1,133,0,0,49.33,1
14,11,1,134,0,0,41.52,1
14,11,1,135,0,0,40.41,1
14,11,1,136,0,0,42.99,1
14,11,1,137,0,0,43.11,1
14,11,1,138,0,0,41.81,1
14,11,1,139,0,0,45.25,1
14,11,1,140,0,0,52.94,1
14,11,1,141,0,0,53.14,1
14,11,1,142,0,0,49.27,1
14,11,1,143,0,0,46.08,1
14,11,1,144,0,0,43.92,1
14,11,1,145,0,0,50.25,1
14,11,1,146,0,0,49.66,1
14,11,1,147,0,0,48.2,1
14,11,1,148,0,0,49.15,1
14,11,1,149,0,0,43.32,1
14,11,1,150,0,0,46.05,1
14,11,1,151,0,0,45.84,1
14,11,1,152,0,0,47.24,1
14,11,1,153,0,0,48.98,1
14,11,1,154,0,0,52.37,1
14,11,1,155,0,0,49.23,1
14,11,1,156,0,0,45.21,1
14,11,1,157,0,0,45.82,1
14,11,1,158,0,0,49.55,1
14,11,1,159,0,0,48.86,1
14,11,1,160,0,0,51.17,1
14,11,1,161,0,0,51.16,1
14,11,1,162,0,0,47.61,1
14,11,1,163,0,0,44.34,1
14,11,1,164,0,0,45.63,1
14,11,1,165,0,0,36.71,1
14,11,1,166,0,0,37.07,1
14,11,1,167,0,0,46.55,1
14,11,1,168,0,0,45.95,1
14,11,1,169,0,0,43.53,1
14,11,1,170,0,0,39.01,1
14,11,1,171,0,0,28.6,1
14,11,1,172,0,0,29.73,1
14,11,1,173,0,0,34.07,1
14,11,1,174,0,0,38.73,1
14,11,1,175,0,0,39.21,1
14,11,1,176,0,0,43.68,1
14,11,1,177,0,0,30.28,1
14,11,1,178,0,0,42.89,1
14,11,1,179,0,0,34.91,1
14,11,1,180,0,0,40.24,1
14,11,1,181,0,0,43.25,1
14,11,1,182,0,0,42.39,1
14,11,1,183,0,0,44.56,1
14,11,1,184,0,0,47.85,1
14,11,1,185,0,0,48.26,1
14,11,1,186,0,0,49.22,1
14,11,1,187,0,0,41.65,1
14,11,1,188,0,0,48.18,1
14,11,1,189,0,0,47.46,1
14,11,1,190,0,0,40.91,1
14,11,1,191,0,0,46.64,1
14,11,1,192,0,0,46.39,1
14,11,1,193,0,0,42.27,1
14,11,1,194,0,0,43.34,1
14,11,1,195,0,0,38.98,1
14,11,1,196,0,0,42.23,1
14,11,1,197,0,0,40.13,1
14,11,1,198,0,0,44.68,1
14,11,1,199,0,0,50.07,1
14,11,1,200,0,0,44.21,1
14,11,1,201,0,0,46.2,1
14,11,1,202,0,0,49.35,1
14,11,1,203,0,0,46.29,1
14,11,1,204,0,0,46.48,1
14,11,1,205,0,0,53.73,1
14,11,1,206,0,0,46.55,1
14,11,1,207,0,0,37.41,1
14,11,1,208,0,0,42.25,1
14,11,1,209,0,0,48.06,1
14,11,1,210,0,0,43.77,1
14,11,1,211,0,0,43.57,1
14,11,1,212,0,0,42.64,1
14,11,1,213,0,0,42.7,1
14,11,1,214,0,0,49.5,1
14,11,1,215,0,0,46.37,1
14,11,1,216,0,0,45.38,1
14,11,1,217,0,0,50.59,1
14,11,1,218,0,0,38.97,1
14,11,1,219,0,0,50.14,1
14,11,1,220,0,0,40.5,1
14,11,1,221,0,0,45.47,1
14,11,1,222,0,0,45.68,1
14,11,1,223,0,0,44.87,1
14,11,1,224,0,0,47.48,1
14,11,1,225,0,0,45.19,1
14,11,1,226,0,0,42.19,1
14,11,1,227,0,0,43.23,1
14,11,1,228,0,0,40.3,1
14,11,1,229,0,0,38.94,1
14,11,1,230,0,0,48.76,1
14,11,1,231,0,0,49.44,1
14,11,1,232,0,0,46.17,1
14,11,1,233,0,0,43.53,1
14,11,1,234,0,0,46.26,1
14,11,1,235,0,0,46.49,1
14,11,1,236,0,0,50.62,1
14,11,1,237,0,0,47.85,1
14,11,1,238,0,0,43.29,1
14,11,1,239,0,0,44.16,1
14,11,1,240,0,0,49.58,1
14,11,1,241,0,0,46.92,1
14,11,1,242,0,0,43.93,1
14,11,1,243,0,0,44.7,1
14,11,1,244,0,0,48.98,1
14,11,1,245,0,0,44.63,1
14,11,1,246,0,0,38.14,1
14,11,1,247,0,0,41.12,1
14,11,1,248,0,0,45.27,1
14,11,1,249,0,0,43.62,1
14,11,1,250,0,0,43.41,1
14,11,1,251,0,0,49.45,1
14,11,1,252,0,0,45.46,1
14,11,1,253,0,0,47.41,1
14,11,1,254,0,0,42.52,1
14,11,1,255,0,0,45.14,1
14,11,1,256,0,0,44.71,1
14,11,1,257,0,0,49.46,1
14,11,1,258,0,0,45.94,1
14,11,1,259,0,0,43.47,1
14,11,1,260,0,0,48.69,1
14,11,1,261,0,0,53.02,1
14,11,1,262,0,0,47.18,1
14,11,1,263,0,0,46.45,1
14,11,1,264,0,0,42.85,1
14,11,1,265,0,0,41.11,1
14,11,1,266,0,0,44.08,1
14,11,1,267,0,0,43.61,1
14,11,1,268,0,0,48.42,1
14,11,1,269,0,0,43.43,1
14,11,1,270,0,0,43.54,1
14,11,1,271,0,0,51.95,1
14,11,1,272,0,0,45.8,1
14,11,1,273,0,0,49.15,1
14,11,1,274,0,0,51.67,1
14,11,1,275,0,0,47.33,1
14,11,1,276,0,0,50.54,1
14,11,1,277,0,0,49.01,1
14,11,1,278,0,0,47.42,1
14,11,1,279,0,0,47.64,1
14,11,1,280,0,0,48.86,1
14,11,1,281,0,0,52.84,1
14,11,1,282,0,0,44.15,1
14,11,1,283,0,0,47.93,1
14,11,1,284,0,0,51.22,1
14,11,1,285,0,0,48.17,1
14,11,1,286,0,0,51.49,1
14,11,1,287,0,0,51.14,1
14,11,1,288,0,0,46.97,1
15,11,2,72,0,0,68.8,3
15,11,2,73,0,0,53.55,3
15,11,2,74,0,0,54.8,3
15,11,2,75,0,0,53.97,3
15,11,2,76,0,0,47.88,3
15,11,2,77,0,0,52.705,3
15,11,2,78,0,0,57.53,3
15,11,2,79,0,0,59.87,3
15,11,2,80,0,0,47.2,3
15,11,2,81,0,0,54.35,3
15,11,2,82,0,0,50.98,3
15,11,2,83,0,0,45.65,3
15,11,2,84,0,0,47.92,3
15,11,2,85,0,0,46.37,3
15,11,2,86,0,0,42.37,3
15,11,2,87,0,0,46.26,3
15,11,2,88,0,0,41.8,3
15,11,2,89,0,0,44.8,3
15,11,2,90,0,0,42.26,3
15,11,2,91,0,0,42.21,3
15,11,2,92,0,0,42.59,3
15,11,2,93,0,0,42.83,3
15,11,2,94,0,0,37.22,3
15,11,2,95,0,0,31.56,3
15,11,2,96,0,0,18.51,3
15,11,2,97,0,0,34.21,3
15,11,2,98,0,0,31.71,3
15,11,2,99,0,0,25.07,3
15,11,2,100,0,0,25.29,3
15,11,2,101,0,0,9.78,3
15,11,2,102,0,0,5.42,3
15,11,2,103,0,0,4.12,3
15,11,2,104,0,0,7.36,3
15,11,2,105,0,0,9.38,3
15,11,2,106,0,0,6.6,3
15,11,2,107,0,0,5.57,3
15,11,2,108,0,0,7,3
15,11,2,109,0,0,12.72,3
15,11,2,110,0,0,12.45,3
15,11,2,111,0,0,27.25,3
15,11,2,112,0,0,16.56,3
15,11,2,113,0,0,18.8,3
15,11,2,114,0,0,12.86,3
15,11,2,115,0,0,9.61,3
15,11,2,116,0,0,22.06,3
15,11,2,117,0,0,25.39,3
15,11,2,118,0,0,13.75,3
15,11,2,119,0,0,12.24,3
15,11,2,120,0,0,14.17,3
15,11,2,121,0,0,37.91,3
15,11,2,122,0,0,39.75,3
15,11,2,123,0,0,22.67,3
15,11,2,124,0,0,11.76,3
15,11,2,125,0,0,17.96,3
15,11,2,126,0,0,29.32,3
15,11,2,127,0,0,36.91,3
15,11,2,128,0,0,36.75,3
15,11,2,129,0,0,43.21,3
15,11,2,130,0,0,45.74,3
15,11,2,131,0,0,43.92,3
15,11,2,132,0,0,43.28,3
15,11,2,133,0,0,44.05,3
15,11,2,134,0,0,50.12,3
15,11,2,135,0,0,33.85,3
15,11,2,136,0,0,37.68,3
15,11,2,137,0,0,41.41,3
15,11,2,138,0,0,43.43,3
15,11,2,139,0,0,42.6,3
15,11,2,140,0,0,44.54,3
15,11,2,141,0,0,49.59,3
15,11,2,142,0,0,45.77,3
15,11,2,143,0,0,42.44,3
15,11,2,144,0,0,42.7,3
15,11,2,145,0,0,49.64,3
15,11,2,146,0,0,46.65,3
15,11,2,147,0,0,47.01,3
15,11,2,148,0,0,45.72,3
15,11,2,149,0,0,46.81,3
15,11,2,150,0,0,50.13,3
15,11,2,151,0,0,44.5,3
15,11,2,152,0,0,45.05,3
15,11,2,153,0,0,44.4,3
15,11,2,154,0,0,43.7,3
15,11,2,155,0,0,51.46,3
15,11,2,156,0,0,44.07,3
15,11,2,157,0,0,44.12,3
15,11,2,158,0,0,46.89,3
15,11,2,159,0,0,48.52,3
15,11,2,160,0,0,46.7,3
15,11,2,161,0,0,40.51,3
15,11,2,162,0,0,25.4,3
15,11,2,163,0,0,15.6,3
15,11,2,164,0,0,13.93,3
15,11,2,165,0,0,22.83,3
15,11,2,166,0,0,28.04,3
15,11,2,167,0,0,29.03,3
15,11,2,168,0,0,11.91,3
15,11,2,169,0,0,24.6,3
15,11,2,170,0,0,10.78,3
15,11,2,171,0,0,12.28,3
15,11,2,172,0,0,16.73,3
15,11,2,173,0,0,19.37,3
15,11,2,174,0,0,13.93,3
15,11,2,175,0,0,33.52,3
15,11,2,176,0,0,38.56,3
15,11,2,177,0,0,37.67,3
15,11,2,178,0,0,38.51,3
15,11,2,179,0,0,36.08,3
15,11,2,180,0,0,47.32,3
15,11,2,181,0,0,44.53,3
15,11,2,182,0,0,44.2,3
15,11,2,183,0,0,43.71,3
15,11,2,184,0,0,46.38,3
15,11,2,185,0,0,46.87,3
15,11,2,186,0,0,40.61,3
15,11,2,187,0,0,46.74,3
15,11,2,188,0,0,46.13,3
15,11,2,189,0,0,41.7,3
15,11,2,190,0,0,46.94,3
15,11,2,191,0,0,46.04,3
15,11,2,192,0,0,49.35,3
15,11,2,193,0,0,41.92,3
15,11,2,194,0,0,45.79,3
15,11,2,195,0,0,43.05,3
15,11,2,196,0,0,44.94,3
15,11,2,197,0,0,48.94,3
15,11,2,198,0,0,44.23,3
15,11,2,199,0,0,47.39,3
15,11,2,200,0,0,42.35,3
15,11,2,201,0,0,50.44,3
15,11,2,202,0,0,46.2,3
15,11,2,203,0,0,45.63,3
15,11,2,204,0,0,41.02,3
15,11,2,205,0,0,47.49,3
15,11,2,206,0,0,44.57,3
15,11,2,207,0,0,47.27,3
15,11,2,208,0,0,46.94,3
15,11,2,209,0,0,46.26,3
15,11,2,210,0,0,45.92,3
15,11,2,211,0,0,44.93,3
15,11,2,212,0,0,47.91,3
15,11,2,213,0,0,48.42,3
15,11,2,214,0,0,50.9,3
15,11,2,215,0,0,41.77,3
15,11,2,216,0,0,45.31,3
15,11,2,217,0,0,48.58,3
15,11,2,218,0,0,35.31,3
15,11,2,219,0,0,46.31,3
15,11,2,220,0,0,40.71,3
15,11,2,221,0,0,38.65,3
15,11,2,222,0,0,35.28,3
15,11,2,223,0,0,45.11,3
15,11,2,224,0,0,47.4,3
15,11,2,225,0,0,47.2,3
15,11,2,226,0,0,43.43,3
15,11,2,227,0,0,50.29,3
15,11,2,228,0,0,46.44,3
15,11,2,229,0,0,38.65,3
15,11,2,230,0,0,46.92,3
15,11,2,231,0,0,49.58,3
15,11,2,232,0,0,42.02,3
15,11,2,233,0,0,42.75,3
15,11,2,234,0,0,44.18,3
15,11,2,235,0,0,51.4,3
15,11,2,236,0,0,51.3,3
15,11,2,237,0,0,46.98,3
15,11,2,238,0,0,45.32,3
15,11,2,239,0,0,49.15,3
15,11,2,240,0,0,40.98,3
15,11,2,241,0,0,46.11,3
15,11,2,242,0,0,47.29,3
15,11,2,243,0,0,44.3,3
15,11,2,244,0,0,43.84,3
15,11,2,245,0,0,43.88,3
15,11,2,246,0,0,43.19,3
15,11,2,247,0,0,47.65,3
15,11,2,248,0,0,40.58,3
15,11,2,249,0,0,43.15,3
15,11,2,250,0,0,44.63,3
15,11,2,251,0,0,43.05,3
15,11,2,252,0,0,36.32,3
15,11,2,253,0,0,50.6,3
15,11,2,254,0,0,39.56,3
15,11,2,255,0,0,42.63,3
15,11,2,256,0,0,40.93,3
15,11,2,257,0,0,40.93,3
15,11,2,258,0,0,48.45,3
15,11,2,259,0,0,44.47,3
15,11,2,260,0,0,44.68,3
15,11,2,261,0,0,46.63,3
15,11,2,262,0,0,47.85,3
15,11,2,263,0,0,47.02,3
15,11,2,264,0,0,47.37,3
15,11,2,265,0,0,49,3
15,11,2,266,0,0,48.99,3
15,11,2,267,0,0,46.74,3
15,11,2,268,0,0,45.24,3
15,11,2,269,0,0,44.77,3
15,11,2,270,0,0,49.81,3
15,11,2,271,0,0,48.98,3
15,11,2,272,0,0,48.98,3
15,11,2,273,0,0,51.31,3
15,11,2,274,0,0,47.13,3
15,11,2,275,0,0,47.87,3
15,11,2,276,0,0,47.77,3
15,11,2,277,0,0,46.07,3
15,11,2,278,0,0,50.5,3
15,11,2,279,0,0,46.53,3
15,11,2,280,0,0,43.58,3
15,11,2,281,0,0,50.98,3
15,11,2,282,0,0,52.39,3
15,11,2,283,0,0,44.47,3
15,11,2,284,0,0,55.36,3
15,11,2,285,0,0,54.01,3
15,11,2,286,0,0,53.1,3
15,11,2,287,0,0,47.16,3
15,11,2,288,0,0,45.54,3
17,11,4,72,0,0,52.05,1
17,11,4,73,0,0,50.39,1
17,11,4,74,0,0,52.65,1
17,11,4,75,0,0,49.91,1
17,11,4,76,0,0,56.08,1
17,11,4,77,0,0,45.24,1
17,11,4,78,0,0,59.99,1
17,11,4,79,0,0,50.16,1
17,11,4,80,0,0,42.67,1
17,11,4,81,0,0,55.6,1
17,11,4,82,0,0,50.59,1
17,11,4,83,0,0,55.73,1
17,11,4,84,0,0,54.58,1
17,11,4,85,0,0,56.45,1
17,11,4,86,0,0,46.42,1
17,11,4,87,0,0,49.45,1
17,11,4,88,0,0,41.36,1
17,11,4,89,0,0,46.18,1
17,11,4,90,0,0,43.81,1
17,11,4,91,0,0,46.64,1
17,11,4,92,0,0,43.9,1
17,11,4,93,0,0,28.32,1
17,11,4,94,0,0,39.29,1
17,11,4,95,0,0,37.95,1
17,11,4,96,0,0,12.35,1
17,11,4,97,0,0,5.93,1
17,11,4,98,0,0,11.59,1
17,11,4,99,0,0,16.21,1
17,11,4,100,0,0,9.59,1
17,11,4,101,0,0,7.19,1
17,11,4,102,0,0,7.8,1
17,11,4,103,0,0,10.67,1
17,11,4,104,0,0,6.68,1
17,11,4,105,0,0,5.45,1
17,11,4,106,0,0,4.87,1
17,11,4,107,0,0,7.97,1
17,11,4,108,0,0,9.85,1
17,11,4,109,0,0,25.87,1
17,11,4,110,0,0,40.56,1
17,11,4,111,0,0,44.71,1
17,11,4,112,0,0,30.6,1
17,11,4,113,0,0,15.79,1
17,11,4,114,0,0,11.47,1
17,11,4,115,0,0,12.19,1
17,11,4,116,0,0,9.52,1
17,11,4,117,0,0,22.01,1
17,11,4,118,0,0,12.03,1
17,11,4,119,0,0,12.53,1
17,11,4,120,0,0,17.62,1
17,11,4,121,0,0,11.3,1
17,11,4,122,0,0,11.08,1
17,11,4,123,0,0,23.19,1
17,11,4,124,0,0,23.3,1
17,11,4,125,0,0,21.69,1
17,11,4,126,0,0,18.7,1
17,11,4,127,0,0,20.6,1
17,11,4,128,0,0,30.93,1
17,11,4,129,0,0,27.15,1
17,11,4,130,0,0,30.99,1
17,11,4,131,0,0,36.69,1
17,11,4,132,0,0,25.01,1
17,11,4,133,0,0,36.3,1
17,11,4,134,0,0,41.07,1
17,11,4,135,0,0,43.2,1
17,11,4,136,0,0,44.76,1
17,11,4,137,0,0,41.1,1
17,11,4,138,0,0,47.09,1
17,11,4,139,0,0,48.75,1
17,11,4,140,0,0,46.98,1
17,11,4,141,0,0,44.82,1
17,11,4,142,0,0,42,1
17,11,4,143,0,0,45.73,1
17,11,4,144,0,0,51.98,1
17,11,4,145,0,0,49.88,1
17,11,4,146,0,0,49.16,1
17,11,4,147,0,0,50.53,1
17,11,4,148,0,0,47.69,1
17,11,4,149,0,0,50.17,1
17,11,4,150,0,0,48.95,1
17,11,4,151,0,0,48.37,1
17,11,4,152,0,0,49.99,1
17,11,4,153,0,0,39.98,1
17,11,4,154,0,0,55.17,1
17,11,4,155,0,0,38.86,1
17,11,4,156,0,0,12.13,1
17,11,4,157,0,0,27.13,1
17,11,4,158,0,0,30.14,1
17,11,4,159,0,0,42.14,1
17,11,4,160,0,0,43.13,1
17,11,4,161,0,0,44.7,1
17,11,4,162,0,0,45.26,1
17,11,4,163,0,0,41.71,1
17,11,4,164,0,0,35.91,1
17,11,4,165,0,0,38.09,1
17,11,4,166,0,0,32.18,1
17,11,4,167,0,0,47.06,1
17,11,4,168,0,0,45.23,1
17,11,4,169,0,0,37.5,1
17,11,4,170,0,0,39.73,1
17,11,4,171,0,0,40.9,1
17,11,4,172,0,0,36.8,1
17,11,4,173,0,0,48.38,1
17,11,4,174,0,0,45.96,1
17,11,4,175,0,0,44.59,1
17,11,4,176,0,0,40.04,1
17,11,4,177,0,0,37.4,1
17,11,4,178,0,0,32.08,1
17,11,4,179,0,0,42.05,1
17,11,4,180,0,0,42.4,1
17,11,4,181,0,0,43.04,1
17,11,4,182,0,0,41.63,1
17,11,4,183,0,0,25.75,1
17,11,4,184,0,0,20.39,1
17,11,4,185,0,0,35.49,1
17,11,4,186,0,0,45.31,1
17,11,4,187,0,0,45.9,1
17,11,4,188,0,0,43.16,1
17,11,4,189,0,0,35.23,1
17,11,4,190,0,0,34.8,1
17,11,4,191,0,0,28.14,1
17,11,4,192,0,0,38.82,1
17,11,4,193,0,0,49.84,1
17,11,4,194,0,0,46.44,1
17,11,4,195,0,0,50.61,1
17,11,4,196,0,0,39.5,1
17,11,4,197,0,0,44.65,1
17,11,4,198,0,0,44.75,1
17,11,4,199,0,0,45.64,1
17,11,4,200,0,0,48.37,1
17,11,4,201,0,0,45.57,1
17,11,4,202,0,0,45.03,1
17,11,4,203,0,0,46.98,1
17,11,4,204,0,0,32.58,1
17,11,4,205,0,0,45.49,1
17,11,4,206,0,0,37.94,1
17,11,4,207,0,0,47.54,1
17,11,4,208,0,0,45.43,1
17,11,4,209,0,0,45.93,1
17,11,4,210,0,0,45.03,1
17,11,4,211,0,0,41.9,1
17,11,4,212,0,0,46.48,1
17,11,4,213,0,0,43.04,1
17,11,4,214,0,0,45.42,1
17,11,4,215,0,0,40.92,1
17,11,4,216,0,0,41.98,1
17,11,4,217,0,0,50.38,1
17,11,4,218,0,0,45.91,1
17,11,4,219,0,0,34.36,1
17,11,4,220,0,0,28.51,1
17,11,4,221,0,0,34.25,1
17,11,4,222,0,0,33.03,1
17,11,4,223,0,0,44.62,1
17,11,4,224,0,0,44.98,1
17,11,4,225,0,0,42.48,1
17,11,4,226,0,0,40.78,1
17,11,4,227,0,0,46.5,1
17,11,4,228,0,0,46.23,1
17,11,4,229,0,0,41.76,1
17,11,4,230,0,0,42.86,1
17,11,4,231,0,0,45.56,1
17,11,4,232,0,0,44.78,1
17,11,4,233,0,0,48.04,1
17,11,4,234,0,0,45.86,1
17,11,4,235,0,0,49.32,1
17,11,4,236,0,0,45.22,1
17,11,4,237,0,0,48.47,1
17,11,4,238,0,0,44.51,1
17,11,4,239,0,0,41.77,1
17,11,4,240,0,0,45.74,1
17,11,4,241,0,0,49.93,1
17,11,4,242,0,0,41.98,1
17,11,4,243,0,0,47.97,1
17,11,4,244,0,0,43.68,1
17,11,4,245,0,0,32.77,1
17,11,4,246,0,0,43.06,1
17,11,4,247,0,0,40.6,1
17,11,4,248,0,0,43.29,1
17,11,4,249,0,0,45.21,1
17,11,4,250,0,0,51.55,1
17,11,4,251,0,0,44.18,1
17,11,4,252,0,0,44.13,1
17,11,4,253,0,0,44.47,1
17,11,4,254,0,0,45.07,1
17,11,4,255,0,0,44.35,1
17,11,4,256,0,0,46.46,1
17,11,4,257,0,0,48.04,1
17,11,4,258,0,0,44.9,1
17,11,4,259,0,0,42.8,1
17,11,4,260,0,0,46.38,1
17,11,4,261,0,0,42.14,1
17,11,4,262,0,0,43.52,1
17,11,4,263,0,0,46.94,1
17,11,4,264,0,0,47.22,1
17,11,4,265,0,0,46.41,1
17,11,4,266,0,0,47.38,1
17,11,4,267,0,0,41.3,1
17,11,4,268,0,0,48.54,1
17,11,4,269,0,0,45.32,1
17,11,4,270,0,0,46.9,1
17,11,4,271,0,0,43.23,1
17,11,4,272,0,0,47.69,1
17,11,4,273,0,0,53.23,1
17,11,4,274,0,0,51.65,1
17,11,4,275,0,0,50.89,1
17,11,4,276,0,0,53.77,1
17,11,4,277,0,0,48.22,1
17,11,4,278,0,0,52.16,1
17,11,4,279,0,0,45.1,1
17,11,4,280,0,0,48.42,1
17,11,4,281,0,0,48.73,1
17,11,4,282,0,0,48.96,1
17,11,4,283,0,0,51.95,1
17,11,4,284,0,0,52.97,1
17,11,4,285,0,0,50.71,1
17,11,4,286,0,0,53.09,1
17,11,4,287,0,0,53.75,1
17,11,4,288,0,0,52.86,1
22,11,2,72,0,0,52.965,1
22,11,2,73,0,0,48,1
22,11,2,74,0,0,52.33,1
22,11,2,75,0,0,44.33,1
22,11,2,76,0,0,60.68,1
22,11,2,77,0,0,52.53,1
22,11,2,78,0,0,61.05,1
22,11,2,79,0,0,58.2,1
22,11,2,80,0,0,55.815,1
22,11,2,81,0,0,54.6225,1
22,11,2,82,0,0,53.43,1
22,11,2,83,0,0,52.3,1
22,11,2,84,0,0,48.97,1
22,11,2,85,0,0,48.51,1
22,11,2,86,0,0,50.85,1
22,11,2,87,0,0,45.1,1
22,11,2,88,0,0,43.14,1
22,11,2,89,0,0,43.01,1
22,11,2,90,0,0,39.63,1
22,11,2,91,0,0,34.81,1
22,11,2,92,0,0,47.02,1
22,11,2,93,0,0,50.95,1
22,11,2,94,0,0,45.5,1
22,11,2,95,0,0,42.26,1
22,11,2,96,0,0,42.44,1
22,11,2,97,0,0,41.28,1
22,11,2,98,0,0,44.51,1
22,11,2,99,0,0,40.36,1
22,11,2,100,0,0,44.3,1
22,11,2,101,0,0,31.67,1
22,11,2,102,0,0,27.87,1
22,11,2,103,0,0,18.77,1
22,11,2,104,0,0,27.45,1
22,11,2,105,0,0,21.56,1
22,11,2,106,0,0,16.32,1
22,11,2,107,0,0,12.68,1
22,11,2,108,0,0,19.93,1
22,11,2,109,0,0,17.45,1
22,11,2,110,0,0,24.28,1
22,11,2,111,0,0,41.2,1
22,11,2,112,0,0,44.19,1
22,11,2,113,0,0,46.25,1
22,11,2,114,0,0,37.08,1
22,11,2,115,0,0,44.57,1
22,11,2,116,0,0,41.03,1
22,11,2,117,0,0,43.43,1
22,11,2,118,0,0,47.19,1
22,11,2,119,0,0,42.71,1
22,11,2,120,0,0,43.72,1
22,11,2,121,0,0,41.45,1
22,11,2,122,0,0,44.49,1
22,11,2,123,0,0,45.99,1
22,11,2,124,0,0,39.9,1
22,11,2,125,0,0,40.12,1
22,11,2,126,0,0,35.42,1
22,11,2,127,0,0,35.01,1
22,11,2,128,0,0,46.58,1
22,11,2,129,0,0,38.35,1
22,11,2,130,0,0,40.24,1
22,11,2,131,0,0,39.57,1
22,11,2,132,0,0,23.38,1
22,11,2,133,0,0,13.03,1
22,11,2,134,0,0,16.49,1
22,11,2,135,0,0,27.73,1
22,11,2,136,0,0,30.98,1
22,11,2,137,0,0,24.51,1
22,11,2,138,0,0,22.21,1
22,11,2,139,0,0,18.83,1
22,11,2,140,0,0,25.01,1
22,11,2,141,0,0,25.86,1
22,11,2,142,0,0,40.58,1
22,11,2,143,0,0,44.54,1
22,11,2,144,0,0,48.39,1
22,11,2,145,0,0,37.29,1
22,11,2,146,0,0,47.73,1
22,11,2,147,0,0,43.28,1
22,11,2,148,0,0,47.36,1
22,11,2,149,0,0,44.81,1
22,11,2,150,0,0,52.13,1
22,11,2,151,0,0,47.64,1
22,11,2,152,0,0,44.78,1
22,11,2,153,0,0,44.8,1
22,11,2,154,0,0,45.61,1
22,11,2,155,0,0,45.08,1
22,11,2,156,0,0,45.22,1
22,11,2,157,0,0,45.43,1
22,11,2,158,0,0,49.95,1
22,11,2,159,0,0,46.93,1
22,11,2,160,0,0,42.23,1
22,11,2,161,0,0,41.67,1
22,11,2,162,0,0,32.27,1
22,11,2,163,0,0,33.31,1
22,11,2,164,0,0,44.85,1
22,11,2,165,0,0,46.44,1
22,11,2,166,0,0,40.78,1
22,11,2,167,0,0,38.6,1
22,11,2,168,0,0,48.47,1
22,11,2,169,0,0,37.36,1
22,11,2,170,0,0,42.99,1
22,11,2,171,0,0,39.3,1
22,11,2,172,0,0,36.77,1
22,11,2,173,0,0,31.76,1
22,11,2,174,0,0,18.06,1
22,11,2,175,0,0,32.91,1
22,11,2,176,0,0,35.86,1
22,11,2,177,0,0,40.62,1
22,11,2,178,0,0,42.65,1
22,11,2,179,0,0,41.27,1
22,11,2,180,0,0,47.45,1
22,11,2,181,0,0,47.32,1
22,11,2,182,0,0,42.6,1
22,11,2,183,0,0,36.24,1
22,11,2,184,0,0,39.95,1
22,11,2,185,0,0,21.14,1
22,11,2,186,0,0,27.55,1
22,11,2,187,0,0,22.17,1
22,11,2,188,0,0,11.7,1
22,11,2,189,0,0,22.94,1
22,11,2,190,0,0,36.93,1
22,11,2,191,0,0,47.7,1
22,11,2,192,0,0,47.12,1
22,11,2,193,0,0,44.84,1
22,11,2,194,0,0,48.06,1
22,11,2,195,0,0,47.22,1
22,11,2,196,0,0,43.31,1
22,11,2,197,0,0,49.62,1
22,11,2,198,0,0,48.56,1
22,11,2,199,0,0,41.99,1
22,11,2,200,0,0,40.69,1
22,11,2,201,0,0,45.63,1
22,11,2,202,0,0,47.85,1
22,11,2,203,0,0,41.88,1
22,11,2,204,0,0,45.1,1
22,11,2,205,0,0,45.5,1
22,11,2,206,0,0,45.88,1
22,11,2,207,0,0,44.82,1
22,11,2,208,0,0,41.03,1
22,11,2,209,0,0,43.75,1
22,11,2,210,0,0,42.02,1
22,11,2,211,0,0,40.41,1
22,11,2,212,0,0,43.37,1
22,11,2,213,0,0,47.53,1
22,11,2,214,0,0,41.25,1
22,11,2,215,0,0,40.69,1
22,11,2,216,0,0,32.45,1
22,11,2,217,0,0,32.66,1
22,11,2,218,0,0,40.71,1
22,11,2,219,0,0,39.22,1
22,11,2,220,0,0,45.71,1
22,11,2,221,0,0,43.58,1
22,11,2,222,0,0,47.16,1
22,11,2,223,0,0,45.88,1
22,11,2,224,0,0,42.7,1
22,11,2,225,0,0,48.01,1
22,11,2,226,0,0,45.9,1
22,11,2,227,0,0,45.52,1
22,11,2,228,0,0,43.01,1
22,11,2,229,0,0,48.3,1
22,11,2,230,0,0,46.98,1
22,11,2,231,0,0,41.55,1
22,11,2,232,0,0,48.76,1
22,11,2,233,0,0,46.43,1
22,11,2,234,0,0,44.12,1
22,11,2,235,0,0,39.49,1
22,11,2,236,0,0,43.51,1
22,11,2,237,0,0,43.66,1
22,11,2,238,0,0,49.69,1
22,11,2,239,0,0,45.03,1
22,11,2,240,0,0,41.87,1
22,11,2,241,0,0,39.55,1
22,11,2,242,0,0,45.27,1
22,11,2,243,0,0,43.53,1
22,11,2,244,0,0,40.3,1
22,11,2,245,0,0,40.99,1
22,11,2,246,0,0,39.2,1
22,11,2,247,0,0,49.68,1
22,11,2,248,0,0,45.57,1
22,11,2,249,0,0,37.94,1
22,11,2,250,0,0,41.82,1
22,11,2,251,0,0,43.18,1
22,11,2,252,0,0,43.47,1
22,11,2,253,0,0,47.99,1
22,11,2,254,0,0,46.9,1
22,11,2,255,0,0,42.94,1
22,11,2,256,0,0,46.58,1
22,11,2,257,0,0,45.24,1
22,11,2,258,0,0,46.49,1
22,11,2,259,0,0,48.89,1
22,11,2,260,0,0,43.02,1
22,11,2,261,0,0,46.9,1
22,11,2,262,0,0,43.03,1
22,11,2,263,0,0,49.58,1
22,11,2,264,0,0,45.99,1
22,11,2,265,0,0,50.1,1
22,11,2,266,0,0,48.33,1
22,11,2,267,0,0,46.96,1
22,11,2,268,0,0,52.88,1
22,11,2,269,0,0,44.76,1
22,11,2,270,0,0,50.06,1
22,11,2,271,0,0,51.83,1
22,11,2,272,0,0,49.6,1
22,11,2,273,0,0,55.33,1
22,11,2,274,0,0,56.5,1
22,11,2,275,0,0,46.84,1
22,11,2,276,0,0,50.59,1
22,11,2,277,0,0,44.2,1
22,11,2,278,0,0,45.4,1
22,11,2,279,0,0,47.73,1
22,11,2,280,0,0,51.37,1
22,11,2,281,0,0,50.39,1
22,11,2,282,0,0,54.94,1
22,11,2,283,0,0,53.88,1
22,11,2,284,0,0,37.88,1
22,11,2,285,0,0,45.62,1
22,11,2,286,0,0,46.79,1
22,11,2,287,0,0,57.93,1
22,11,2,288,0,0,54.73,1
23,11,3,72,0,0,47.11,1
23,11,3,73,0,0,57.6,1
23,11,3,74,0,0,52.99,1
23,11,3,75,0,0,46.48,1
23,11,3,76,0,0,50.93,1
23,11,3,77,0,0,58.74,1
23,11,3,78,0,0,60.97,1
23,11,3,79,0,0,63.2,1
23,11,3,80,0,0,54.54,1
23,11,3,81,0,0,58.05,1
23,11,3,82,0,0,50.09,1
23,11,3,83,0,0,49.32,1
23,11,3,84,0,0,52.29,1
23,11,3,85,0,0,45.54,1
23,11,3,86,0,0,49.33,1
23,11,3,87,0,0,49.86,1
23,11,3,88,0,0,51.7,1
23,11,3,89,0,0,50.58,1
23,11,3,90,0,0,47.57,1
23,11,3,91,0,0,46.7,1
23,11,3,92,0,0,44.16,1
23,11,3,93,0,0,50.41,1
23,11,3,94,0,0,47.85,1
23,11,3,95,0,0,47.24,1
23,11,3,96,0,0,38.19,1
23,11,3,97,0,0,33.74,1
23,11,3,98,0,0,43.93,1
23,11,3,99,0,0,47.87,1
23,11,3,100,0,0,49.59,1
23,11,3,101,0,0,46.36,1
23,11,3,102,0,0,42.23,1
23,11,3,103,0,0,33.6,1
23,11,3,104,0,0,36.04,1
23,11,3,105,0,0,31.81,1
23,11,3,106,0,0,16.77,1
23,11,3,107,0,0,40.58,1
23,11,3,108,0,0,35.23,1
23,11,3,109,0,0,44.18,1
23,11,3,110,0,0,45.2,1
23,11,3,111,0,0,49.28,1
23,11,3,112,0,0,43.38,1
23,11,3,113,0,0,46.08,1
23,11,3,114,0,0,48.51,1
23,11,3,115,0,0,21.85,1
23,11,3,116,0,0,23.7,1
23,11,3,117,0,0,32.7,1
23,11,3,118,0,0,44.9,1
23,11,3,119,0,0,37.04,1
23,11,3,120,0,0,40.5,1
23,11,3,121,0,0,43.34,1
23,11,3,122,0,0,43.87,1
23,11,3,123,0,0,43.89,1
23,11,3,124,0,0,44.08,1
23,11,3,125,0,0,41.45,1
23,11,3,126,0,0,45.66,1
23,11,3,127,0,0,42.14,1
23,11,3,128,0,0,47.19,1
23,11,3,129,0,0,46.54,1
23,11,3,130,0,0,38.84,1
23,11,3,131,0,0,42.47,1
23,11,3,132,0,0,41.6,1
23,11,3,133,0,0,42.24,1
23,11,3,134,0,0,49.08,1
23,11,3,135,0,0,47.54,1
23,11,3,136,0,0,48.79,1
23,11,3,137,0,0,43.71,1
23,11,3,138,0,0,36.05,1
23,11,3,139,0,0,47.35,1
23,11,3,140,0,0,44.68,1
23,11,3,141,0,0,48.15,1
23,11,3,142,0,0,45.94,1
23,11,3,143,0,0,37.5,1
23,11,3,144,0,0,49.84,1
23,11,3,145,0,0,47.6,1
23,11,3,146,0,0,52.59,1
23,11,3,147,0,0,47.96,1
23,11,3,148,0,0,44.48,1
23,11,3,149,0,0,42.01,1
23,11,3,150,0,0,52.57,1
23,11,3,151,0,0,46.76,1
23,11,3,152,0,0,48.29,1
23,11,3,153,0,0,52.8,1
23,11,3,154,0,0,42.53,1
23,11,3,155,0,0,46.73,1
23,11,3,156,0,0,49.58,1
23,11,3,157,0,0,44.44,1
23,11,3,158,0,0,43.03,1
23,11,3,159,0,0,44.94,1
23,11,3,160,0,0,40.47,1
23,11,3,161,0,0,37.51,1
23,11,3,162,0,0,47.43,1
23,11,3,163,0,0,42.04,1
23,11,3,164,0,0,42.31,1
23,11,3,165,0,0,37.47,1
23,11,3,166,0,0,38.09,1
23,11,3,167,0,0,47.16,1
23,11,3,168,0,0,44.19,1
23,11,3,169,0,0,44.95,1
23,11,3,170,0,0,39.43,1
23,11,3,171,0,0,38.2,1
23,11,3,172,0,0,37.24,1
23,11,3,173,0,0,39.45,1
23,11,3,174,0,0,40.27,1
23,11,3,175,0,0,44.51,1
23,11,3,176,0,0,41.18,1
23,11,3,177,0,0,43.48,1
23,11,3,178,0,0,41.97,1
23,11,3,179,0,0,35.7,1
23,11,3,180,0,0,44.73,1
23,11,3,181,0,0,39.79,1
23,11,3,182,0,0,22.72,1
23,11,3,183,0,0,5.21,1
23,11,3,184,0,0,5.84,1
23,11,3,185,0,0,3.93,1
23,11,3,186,0,0,4.44,1
23,11,3,187,0,0,10.97,1
23,11,3,188,0,0,36.33,1
23,11,3,189,0,0,46.62,1
23,11,3,190,0,0,43.9,1
23,11,3,191,0,0,44.88,1
23,11,3,192,0,0,45.22,1
23,11,3,193,0,0,49.26,1
23,11,3,194,0,0,44.88,1
23,11,3,195,0,0,40.44,1
23,11,3,196,0,0,37.88,1
23,11,3,197,0,0,46.27,1
23,11,3,198,0,0,44.68,1
23,11,3,199,0,0,47.44,1
23,11,3,200,0,0,43.5,1
23,11,3,201,0,0,49.76,1
23,11,3,202,0,0,48.77,1
23,11,3,203,0,0,45.95,1
23,11,3,204,0,0,45.01,1
23,11,3,205,0,0,46.65,1
23,11,3,206,0,0,47.6,1
23,11,3,207,0,0,42.65,1
23,11,3,208,0,0,36.49,1
23,11,3,209,0,0,44.48,1
23,11,3,210,0,0,41.47,1
23,11,3,211,0,0,43.67,1
23,11,3,212,0,0,39.79,1
23,11,3,213,0,0,36.61,1
23,11,3,214,0,0,39.67,1
23,11,3,215,0,0,44.48,1
23,11,3,216,0,0,43.18,1
23,11,3,217,0,0,44.08,1
23,11,3,218,0,0,43.9,1
23,11,3,219,0,0,42.83,1
23,11,3,220,0,0,43.9,1
23,11,3,221,0,0,38.99,1
23,11,3,222,0,0,45.2,1
23,11,3,223,0,0,40.37,1
23,11,3,224,0,0,40.39,1
23,11,3,225,0,0,42,1
23,11,3,226,0,0,40.15,1
23,11,3,227,0,0,43.65,1
23,11,3,228,0,0,51.75,1
23,11,3,229,0,0,44.62,1
23,11,3,230,0,0,45.67,1
23,11,3,231,0,0,48.61,1
23,11,3,232,0,0,46.23,1
23,11,3,233,0,0,42.96,1
23,11,3,234,0,0,39.41,1
23,11,3,235,0,0,40.74,1
23,11,3,236,0,0,44.95,1
23,11,3,237,0,0,46.04,1
23,11,3,238,0,0,47.16,1
23,11,3,239,0,0,44.7,1
23,11,3,240,0,0,45.2,1
23,11,3,241,0,0,43.45,1
23,11,3,242,0,0,41.02,1
23,11,3,243,0,0,44.04,1
23,11,3,244,0,0,36.29,1
23,11,3,245,0,0,31.83,1
23,11,3,246,0,0,28.7,1
23,11,3,247,0,0,42.06,1
23,11,3,248,0,0,47.26,1
23,11,3,249,0,0,39.74,1
23,11,3,250,0,0,48.01,1
23,11,3,251,0,0,39.73,1
23,11,3,252,0,0,40.49,1
23,11,3,253,0,0,43.77,1
23,11,3,254,0,0,42.13,1
23,11,3,255,0,0,46.69,1
23,11,3,256,0,0,43.88,1
23,11,3,257,0,0,39.36,1
23,11,3,258,0,0,45.6,1
23,11,3,259,0,0,46.7,1
23,11,3,260,0,0,44.89,1
23,11,3,261,0,0,46.91,1
23,11,3,262,0,0,48.72,1
23,11,3,263,0,0,46.92,1
23,11,3,264,0,0,45.97,1
23,11,3,265,0,0,48.49,1
23,11,3,266,0,0,44.32,1
23,11,3,267,0,0,47.7,1
23,11,3,268,0,0,48.16,1
23,11,3,269,0,0,48.17,1
23,11,3,270,0,0,44.46,1
23,11,3,271,0,0,49.81,1
23,11,3,272,0,0,47.72,1
23,11,3,273,0,0,54.93,1
23,11,3,274,0,0,52.43,1
23,11,3,275,0,0,49,1
23,11,3,276,0,0,44.44,1
23,11,3,277,0,0,49.22,1
23,11,3,278,0,0,44.7,1
23,11,3,279,0,0,51.71,1
23,11,3,280,0,0,61.03,1
23,11,3,281,0,0,47.73,1
23,11,3,282,0,0,49.09,1
23,11,3,283,0,0,50.2,1
23,11,3,284,0,0,51.84,1
23,11,3,285,0,0,53.22,1
23,11,3,286,0,0,51.34,1
23,11,3,287,0,0,51.09,1
23,11,3,288,0,0,55.59,1
24,11,4,72,0,0,45.35,3
24,11,4,73,0,0,53.875,3
24,11,4,74,0,0,62.4,3
24,11,4,75,0,0,43.55,3
24,11,4,76,0,0,50.45,3
24,11,4,77,0,0,57.24,3
24,11,4,78,0,0,58.4,3
24,11,4,79,0,0,61.1,3
24,11,4,80,0,0,66.59,3
24,11,4,81,0,0,57.3,3
24,11,4,82,0,0,53.25,3
24,11,4,83,0,0,52.01,3
24,11,4,84,0,0,47.55,3
24,11,4,85,0,0,40.42,3
24,11,4,86,0,0,40.91,3
24,11,4,87,0,0,44.33,3
24,11,4,88,0,0,44.59,3
24,11,4,89,0,0,49.23,3
24,11,4,90,0,0,43.37,3
24,11,4,91,0,0,43.87,3
24,11,4,92,0,0,44.53,3
24,11,4,93,0,0,46,3
24,11,4,94,0,0,44.67,3
24,11,4,95,0,0,31.6,3
24,11,4,96,0,0,23.05,3
24,11,4,97,0,0,20.32,3
24,11,4,98,0,0,25.59,3
24,11,4,99,0,0,19.76,3
24,11,4,100,0,0,16.32,3
24,11,4,101,0,0,38.18,3
24,11,4,102,0,0,29.66,3
24,11,4,103,0,0,18.74,3
24,11,4,104,0,0,9.17,3
24,11,4,105,0,0,11.65,3
24,11,4,106,0,0,19.78,3
24,11,4,107,0,0,20.46,3
24,11,4,108,0,0,9.64,3
24,11,4,109,0,0,23.98,3
24,11,4,110,0,0,22.88,3
24,11,4,111,0,0,11.33,3
24,11,4,112,0,0,11.28,3
24,11,4,113,0,0,16.73,3
24,11,4,114,0,0,12.45,3
24,11,4,115,0,0,7.67,3
24,11,4,116,0,0,8.9,3
24,11,4,117,0,0,10.45,3
24,11,4,118,0,0,12.4,3
24,11,4,119,0,0,6.56,3
24,11,4,120,0,0,6.78,3
24,11,4,121,0,0,21.9,3
24,11,4,122,0,0,24.38,3
24,11,4,123,0,0,25.7,3
24,11,4,124,0,0,17.86,3
24,11,4,125,0,0,21.61,3
24,11,4,126,0,0,25.4,3
24,11,4,127,0,0,16.88,3
24,11,4,128,0,0,22.06,3
24,11,4,129,0,0,21.01,3
24,11,4,130,0,0,28.48,3
24,11,4,131,0,0,40.42,3
24,11,4,132,0,0,42.66,3
24,11,4,133,0,0,44.04,3
24,11,4,134,0,0,39.47,3
24,11,4,135,0,0,43.38,3
24,11,4,136,0,0,38.98,3
24,11,4,137,0,0,43.98,3
24,11,4,138,0,0,45.54,3
24,11,4,139,0,0,47.61,3
24,11,4,140,0,0,38,3
24,11,4,141,0,0,40.89,3
24,11,4,142,0,0,45.31,3
24,11,4,143,0,0,47.47,3
24,11,4,144,0,0,39.25,3
24,11,4,145,0,0,45.79,3
24,11,4,146,0,0,47.58,3
24,11,4,147,0,0,48.48,3
24,11,4,148,0,0,41.99,3
24,11,4,149,0,0,47.2,3
24,11,4,150,0,0,47.55,3
24,11,4,151,0,0,42.51,3
24,11,4,152,0,0,46,3
24,11,4,153,0,0,46.81,3
24,11,4,154,0,0,48.3,3
24,11,4,155,0,0,45.38,3
24,11,4,156,0,0,45.85,3
24,11,4,157,0,0,49.54,3
24,11,4,158,0,0,47.71,3
24,11,4,159,0,0,47.63,3
24,11,4,160,0,0,34.12,3
24,11,4,161,0,0,40.66,3
24,11,4,162,0,0,34.49,3
24,11,4,163,0,0,40.14,3
24,11,4,164,0,0,23.98,3
24,11,4,165,0,0,26.02,3
24,11,4,166,0,0,12.36,3
24,11,4,167,0,0,6.19,3
24,11,4,168,0,0,6.13,3
24,11,4,169,0,0,4.66,3
24,11,4,170,0,0,3.6,3
24,11,4,171,0,0,6.74,3
24,11,4,172,0,0,8.22,3
24,11,4,173,0,0,5.9,3
24,11,4,174,0,0,6.4,3
24,11,4,175,0,0,6.9,3
24,11,4,176,0,0,11.46,3
24,11,4,177,0,0,26.7,3
24,11,4,178,0,0,44.83,3
24,11,4,179,0,0,44.08,3
24,11,4,180,0,0,41.65,3
24,11,4,181,0,0,36.98,3
24,11,4,182,0,0,19.38,3
24,11,4,183,0,0,17.14,3
24,11,4,184,0,0,19.56,3
24,11,4,185,0,0,14.79,3
24,11,4,186,0,0,21.37,3
24,11,4,187,0,0,38.39,3
24,11,4,188,0,0,33.16,3
24,11,4,189,0,0,41.08,3
24,11,4,190,0,0,46.27,3
24,11,4,191,0,0,45,3
24,11,4,192,0,0,40.37,3
24,11,4,193,0,0,41.19,3
24,11,4,194,0,0,48.36,3
24,11,4,195,0,0,47.68,3
24,11,4,196,0,0,41.23,3
24,11,4,197,0,0,37.3,3
24,11,4,198,0,0,34.23,3
24,11,4,199,0,0,43.48,3
24,11,4,200,0,0,48.38,3
24,11,4,201,0,0,48.52,3
24,11,4,202,0,0,45.2,3
24,11,4,203,0,0,40.87,3
24,11,4,204,0,0,34.67,3
24,11,4,205,0,0,32.02,3
24,11,4,206,0,0,32.47,3
24,11,4,207,0,0,20.27,3
24,11,4,208,0,0,8.62,3
24,11,4,209,0,0,11.87,3
24,11,4,210,0,0,16.18,3
24,11,4,211,0,0,26.92,3
24,11,4,212,0,0,30.82,3
24,11,4,213,0,0,26.37,3
24,11,4,214,0,0,42.24,3
24,11,4,215,0,0,43.44,3
24,11,4,216,0,0,44.08,3
24,11,4,217,0,0,41.42,3
24,11,4,218,0,0,43.4,3
24,11,4,219,0,0,40.84,3
24,11,4,220,0,0,29.64,3
24,11,4,221,0,0,24.27,3
24,11,4,222,0,0,30.38,3
24,11,4,223,0,0,27.93,3
24,11,4,224,0,0,37.47,3
24,11,4,225,0,0,37.94,3
24,11,4,226,0,0,41.34,3
24,11,4,227,0,0,46.53,3
24,11,4,228,0,0,43.64,3
24,11,4,229,0,0,39.49,3
24,11,4,230,0,0,44.4,3
24,11,4,231,0,0,43.77,3
24,11,4,232,0,0,43.21,3
24,11,4,233,0,0,47.61,3
24,11,4,234,0,0,40.55,3
24,11,4,235,0,0,41.36,3
24,11,4,236,0,0,49.7,3
24,11,4,237,0,0,47.54,3
24,11,4,238,0,0,47.78,3
24,11,4,239,0,0,46.52,3
24,11,4,240,0,0,43.82,3
24,11,4,241,0,0,48.37,3
24,11,4,242,0,0,45.3,3
24,11,4,243,0,0,42.09,3
24,11,4,244,0,0,33.69,3
24,11,4,245,0,0,40.01,3
24,11,4,246,0,0,40.1,3
24,11,4,247,0,0,43.48,3
24,11,4,248,0,0,47.01,3
24,11,4,249,0,0,44.14,3
24,11,4,250,0,0,49.11,3
24,11,4,251,0,0,44.72,3
24,11,4,252,0,0,43.48,3
24,11,4,253,0,0,39.16,3
24,11,4,254,0,0,46.82,3
24,11,4,255,0,0,46.45,3
24,11,4,256,0,0,43.31,3
24,11,4,257,0,0,45.48,3
24,11,4,258,0,0,47.55,3
24,11,4,259,0,0,46.93,3
24,11,4,260,0,0,47.54,3
24,11,4,261,0,0,46.28,3
24,11,4,262,0,0,43.74,3
24,11,4,263,0,0,46.95,3
24,11,4,264,0,0,53.18,3
24,11,4,265,0,0,45.31,3
24,11,4,266,0,0,47.25,3
24,11,4,267,0,0,46.65,3
24,11,4,268,0,0,41.9,3
24,11,4,269,0,0,45.33,3
24,11,4,270,0,0,44.46,3
24,11,4,271,0,0,54.27,3
24,11,4,272,0,0,47.53,3
24,11,4,273,0,0,47.57,3
24,11,4,274,0,0,49.63,3
24,11,4,275,0,0,53.64,3
24,11,4,276,0,0,50.72,3
24,11,4,277,0,0,42.06,3
24,11,4,278,0,0,44.63,3
24,11,4,279,0,0,50.62,3
24,11,4,280,0,0,48.78,3
24,11,4,281,0,0,55.2,3
24,11,4,282,0,0,48.29,3
24,11,4,283,0,0,55.89,3
24,11,4,284,0,0,51.29,3
24,11,4,285,0,0,50.63,3
24,11,4,286,0,0,44.14,3
24,11,4,287,0,0,48.04,3
24,11,4,288,0,0,45.3,3
25,11,5,72,0,0,49.31,2
25,11,5,73,0,0,52,2
25,11,5,74,0,0,51.66,2
25,11,5,75,0,0,53.43,2
25,11,5,76,0,0,46.03,2
25,11,5,77,0,0,56.1,2
25,11,5,78,0,0,51.6,2
25,11,5,79,0,0,59.51,2
25,11,5,80,0,0,61.22,2
25,11,5,81,0,0,48.57,2
25,11,5,82,0,0,42.69,2
25,11,5,83,0,0,48.09,2
25,11,5,84,0,0,49.12,2
25,11,5,85,0,0,44.91,2
25,11,5,86,0,0,50.2,2
25,11,5,87,0,0,48.4,2
25,11,5,88,0,0,47.73,2
25,11,5,89,0,0,40.96,2
25,11,5,90,0,0,40.12,2
25,11,5,91,0,0,42.98,2
25,11,5,92,0,0,45.62,2
25,11,5,93,0,0,38.97,2
25,11,5,94,0,0,32.27,2
25,11,5,95,0,0,34.9,2
25,11,5,96,0,0,38.08,2
25,11,5,97,0,0,56.31,2
25,11,5,98,0,0,44.97,2
25,11,5,99,0,0,43.67,2
25,11,5,100,0,0,38.02,2
25,11,5,101,0,0,42.44,2
25,11,5,102,0,0,42.37,2
25,11,5,103,0,0,25.19,2
25,11,5,104,0,0,17.27,2
25,11,5,105,0,0,15.84,2
25,11,5,106,0,0,13.71,2
25,11,5,107,0,0,19,2
25,11,5,108,0,0,18.09,2
25,11,5,109,0,0,41.62,2
25,11,5,110,0,0,20.84,2
25,11,5,111,0,0,12.08,2
25,11,5,112,0,0,7.85,2
25,11,5,113,0,0,9.24,2
25,11,5,114,0,0,8.91,2
25,11,5,115,0,0,12.86,2
25,11,5,116,0,0,16.88,2
25,11,5,117,0,0,29.25,2
25,11,5,118,0,0,22.17,2
25,11,5,119,0,0,16.4,2
25,11,5,120,0,0,12.92,2
25,11,5,121,0,0,10.58,2
25,11,5,122,0,0,12.89,2
25,11,5,123,0,0,9.51,2
25,11,5,124,0,0,13.76,2
25,11,5,125,0,0,15.56,2
25,11,5,126,0,0,21.97,2
25,11,5,127,0,0,19.58,2
25,11,5,128,0,0,18.04,2
25,11,5,129,0,0,23.36,2
25,11,5,130,0,0,14.74,2
25,11,5,131,0,0,18.49,2
25,11,5,132,0,0,23.61,2
25,11,5,133,0,0,18.33,2
25,11,5,134,0,0,17.97,2
25,11,5,135,0,0,24.43,2
25,11,5,136,0,0,34.09,2
25,11,5,137,0,0,24.25,2
25,11,5,138,0,0,19.2,2
25,11,5,139,0,0,37.87,2
25,11,5,140,0,0,44.71,2
25,11,5,141,0,0,44.4,2
25,11,5,142,0,0,39.12,2
25,11,5,143,0,0,49.61,2
25,11,5,144,0,0,45.71,2
25,11,5,145,0,0,47.67,2
25,11,5,146,0,0,49.24,2
25,11,5,147,0,0,45.18,2
25,11,5,148,0,0,41.76,2
25,11,5,149,0,0,38.84,2
25,11,5,150,0,0,45.78,2
25,11,5,151,0,0,52.11,2
25,11,5,152,0,0,47.25,2
25,11,5,153,0,0,43.29,2
25,11,5,154,0,0,41.79,2
25,11,5,155,0,0,50.81,2
25,11,5,156,0,0,46.19,2
25,11,5,157,0,0,41.75,2
25,11,5,158,0,0,42.63,2
25,11,5,159,0,0,43.87,2
25,11,5,160,0,0,42.22,2
25,11,5,161,0,0,39.08,2
25,11,5,162,0,0,38.08,2
25,11,5,163,0,0,43.04,2
25,11,5,164,0,0,46.98,2
25,11,5,165,0,0,40.83,2
25,11,5,166,0,0,41.7,2
25,11,5,167,0,0,30.79,2
25,11,5,168,0,0,17.96,2
25,11,5,169,0,0,11.42,2
25,11,5,170,0,0,9.96,2
25,11,5,171,0,0,5.2,2
25,11,5,172,0,0,8.41,2
25,11,5,173,0,0,10.63,2
25,11,5,174,0,0,12.02,2
25,11,5,175,0,0,10.71,2
25,11,5,176,0,0,9.82,2
25,11,5,177,0,0,8.35,2
25,11,5,178,0,0,10.36,2
25,11,5,179,0,0,10.85,2
25,11,5,180,0,0,13.86,2
25,11,5,181,0,0,25.83,2
25,11,5,182,0,0,13.24,2
25,11,5,183,0,0,8.89,2
25,11,5,184,0,0,15.79,2
25,11,5,185,0,0,24.81,2
25,11,5,186,0,0,32.4,2
25,11,5,187,0,0,28.25,2
25,11,5,188,0,0,20.11,2
25,11,5,189,0,0,13.46,2
25,11,5,190,0,0,18.02,2
25,11,5,191,0,0,8.44,2
25,11,5,192,0,0,8.14,2
25,11,5,193,0,0,21.16,2
25,11,5,194,0,0,20.76,2
25,11,5,195,0,0,15.74,2
25,11,5,196,0,0,14.02,2
25,11,5,197,0,0,25.79,2
25,11,5,198,0,0,45.14,2
25,11,5,199,0,0,42.19,2
25,11,5,200,0,0,41,2
25,11,5,201,0,0,45.47,2
25,11,5,202,0,0,44.9,2
25,11,5,203,0,0,43.03,2
25,11,5,204,0,0,44.97,2
25,11,5,205,0,0,40.17,2
25,11,5,206,0,0,45.75,2
25,11,5,207,0,0,35.32,2
25,11,5,208,0,0,25.23,2
25,11,5,209,0,0,13.58,2
25,11,5,210,0,0,10.25,2
25,11,5,211,0,0,10.93,2
25,11,5,212,0,0,6.75,2
25,11,5,213,0,0,10.91,2
25,11,5,214,0,0,6.66,2
25,11,5,215,0,0,14.53,2
25,11,5,216,0,0,7.23,2
25,11,5,217,0,0,8.22,2
25,11,5,218,0,0,4.2,2
25,11,5,219,0,0,8.35,2
25,11,5,220,0,0,7.76,2
25,11,5,221,0,0,6.8,2
25,11,5,222,0,0,9.01,2
25,11,5,223,0,0,12.49,2
25,11,5,224,0,0,26.28,2
25,11,5,225,0,0,10.53,2
25,11,5,226,0,0,9.26,2
25,11,5,227,0,0,27.95,2
25,11,5,228,0,0,40.5,2
25,11,5,229,0,0,42.14,2
25,11,5,230,0,0,33.3,2
25,11,5,231,0,0,41.65,2
25,11,5,232,0,0,42.65,2
25,11,5,233,0,0,46.76,2
25,11,5,234,0,0,32.75,2
25,11,5,235,0,0,25.63,2
25,11,5,236,0,0,18.52,2
25,11,5,237,0,0,33.75,2
25,11,5,238,0,0,31.91,2
25,11,5,239,0,0,37.8,2
25,11,5,240,0,0,38.99,2
25,11,5,241,0,0,44.76,2
25,11,5,242,0,0,46.79,2
25,11,5,243,0,0,38.68,2
25,11,5,244,0,0,26.15,2
25,11,5,245,0,0,22.69,2
25,11,5,246,0,0,25.03,2
25,11,5,247,0,0,32.47,2
25,11,5,248,0,0,37.52,2
25,11,5,249,0,0,37.83,2
25,11,5,250,0,0,45.44,2
25,11,5,251,0,0,32.81,2
25,11,5,252,0,0,45.4,2
25,11,5,253,0,0,42.78,2
25,11,5,254,0,0,42.71,2
25,11,5,255,0,0,45.96,2
25,11,5,256,0,0,46.99,2
25,11,5,257,0,0,47.85,2
25,11,5,258,0,0,46.79,2
25,11,5,259,0,0,45.51,2
25,11,5,260,0,0,40.16,2
25,11,5,261,0,0,50.01,2
25,11,5,262,0,0,46.78,2
25,11,5,263,0,0,48.23,2
25,11,5,264,0,0,46.64,2
25,11,5,265,0,0,43.34,2
25,11,5,266,0,0,46.18,2
25,11,5,267,0,0,43.88,2
25,11,5,268,0,0,50.6,2
25,11,5,269,0,0,44.38,2
25,11,5,270,0,0,44.67,2
25,11,5,271,0,0,44.31,2
25,11,5,272,0,0,42.17,2
25,11,5,273,0,0,45.86,2
25,11,5,274,0,0,43.97,2
25,11,5,275,0,0,44.85,2
25,11,5,276,0,0,48.21,2
25,11,5,277,0,0,50.37,2
25,11,5,278,0,0,53.69,2
25,11,5,279,0,0,52.43,2
25,11,5,280,0,0,43.9,2
25,11,5,281,0,0,45.55,2
25,11,5,282,0,0,50.56,2
25,11,5,283,0,0,49.53,2
25,11,5,284,0,0,51.52,2
25,11,5,285,0,0,48.22,2
25,11,5,286,0,0,47.11,2
25,11,5,287,0,0,46.52,2
25,11,5,288,0,0,49.77,2
29,11,2,72,0,0,55.4,3
29,11,2,73,0,0,32.07,3
29,11,2,74,0,0,52.56,3
29,11,2,75,0,0,57.6,3
29,11,2,76,0,0,50.46,3
29,11,2,77,0,0,55.2,3
29,11,2,78,0,0,54.61,3
29,11,2,79,0,0,50.84,3
29,11,2,80,0,0,38.77,3
29,11,2,81,0,0,52.5,3
29,11,2,82,0,0,48.21,3
29,11,2,83,0,0,47.09,3
29,11,2,84,0,0,54.98,3
29,11,2,85,0,0,41.46,3
29,11,2,86,0,0,50.52,3
29,11,2,87,0,0,44.12,3
29,11,2,88,0,0,41.13,3
29,11,2,89,0,0,40.4,3
29,11,2,90,0,0,31.83,3
29,11,2,91,0,0,23.19,3
29,11,2,92,0,0,19.78,3
29,11,2,93,0,0,36.82,3
29,11,2,94,0,0,30.07,3
29,11,2,95,0,0,18.73,3
29,11,2,96,0,0,12.92,3
29,11,2,97,0,0,20.56,3
29,11,2,98,0,0,19.53,3
29,11,2,99,0,0,12.03,3
29,11,2,100,0,0,15.09,3
29,11,2,101,0,0,16.29,3
29,11,2,102,0,0,14.18,3
29,11,2,103,0,0,7.77,3
29,11,2,104,0,0,5.73,3
29,11,2,105,0,0,6.82,3
29,11,2,106,0,0,11.9,3
29,11,2,107,0,0,7.25,3
29,11,2,108,0,0,10.32,3
29,11,2,109,0,0,14.9,3
29,11,2,110,0,0,24.02,3
29,11,2,111,0,0,29.04,3
29,11,2,112,0,0,23.76,3
29,11,2,113,0,0,11.42,3
29,11,2,114,0,0,12.66,3
29,11,2,115,0,0,6.64,3
29,11,2,116,0,0,6.37,3
29,11,2,117,0,0,8.83,3
29,11,2,118,0,0,10.08,3
29,11,2,119,0,0,8.71,3
29,11,2,120,0,0,7.72,3
29,11,2,121,0,0,6.42,3
29,11,2,122,0,0,6.16,3
29,11,2,123,0,0,8.07,3
29,11,2,124,0,0,6.44,3
29,11,2,125,0,0,5.75,3
29,11,2,126,0,0,23.05,3
29,11,2,127,0,0,34.53,3
29,11,2,128,0,0,46.13,3
29,11,2,129,0,0,41.9,3
29,11,2,130,0,0,45.13,3
29,11,2,131,0,0,37.73,3
29,11,2,132,0,0,21.1,3
29,11,2,133,0,0,27.15,3
29,11,2,134,0,0,26.23,3
29,11,2,135,0,0,24.36,3
29,11,2,136,0,0,17.3,3
29,11,2,137,0,0,20.33,3
29,11,2,138,0,0,18.42,3
29,11,2,139,0,0,18.7,3
29,11,2,140,0,0,31.19,3
29,11,2,141,0,0,40.88,3
29,11,2,142,0,0,26.77,3
29,11,2,143,0,0,42.84,3
29,11,2,144,0,0,40.32,3
29,11,2,145,0,0,49.03,3
29,11,2,146,0,0,45.41,3
29,11,2,147,0,0,47.6,3
29,11,2,148,0,0,47.95,3
29,11,2,149,0,0,44.72,3
29,11,2,150,0,0,45.56,3
29,11,2,151,0,0,48.27,3
29,11,2,152,0,0,45.47,3
29,11,2,153,0,0,46.43,3
29,11,2,154,0,0,51.93,3
29,11,2,155,0,0,47.86,3
29,11,2,156,0,0,39.35,3
29,11,2,157,0,0,41.44,3
29,11,2,158,0,0,46.55,3
29,11,2,159,0,0,44.79,3
29,11,2,160,0,0,44.73,3
29,11,2,161,0,0,40.84,3
29,11,2,162,0,0,43.94,3
29,11,2,163,0,0,42.15,3
29,11,2,164,0,0,40.56,3
29,11,2,165,0,0,38.79,3
29,11,2,166,0,0,37.93,3
29,11,2,167,0,0,31.52,3
29,11,2,168,0,0,26.95,3
29,11,2,169,0,0,32.99,3
29,11,2,170,0,0,25.29,3
29,11,2,171,0,0,10.73,3
29,11,2,172,0,0,28.83,3
29,11,2,173,0,0,31.04,3
29,11,2,174,0,0,19.95,3
29,11,2,175,0,0,38.15,3
29,11,2,176,0,0,32.88,3
29,11,2,177,0,0,36.42,3
29,11,2,178,0,0,43,3
29,11,2,179,0,0,33.64,3
29,11,2,180,0,0,35.54,3
29,11,2,181,0,0,33.73,3
29,11,2,182,0,0,47.73,3
29,11,2,183,0,0,43.17,3
29,11,2,184,0,0,45.33,3
29,11,2,185,0,0,44.48,3
29,11,2,186,0,0,44.35,3
29,11,2,187,0,0,43.27,3
29,11,2,188,0,0,42.7,3
29,11,2,189,0,0,45.03,3
29,11,2,190,0,0,47.09,3
29,11,2,191,0,0,47.35,3
29,11,2,192,0,0,46.53,3
29,11,2,193,0,0,43.13,3
29,11,2,194,0,0,42.39,3
29,11,2,195,0,0,44.24,3
29,11,2,196,0,0,43.66,3
29,11,2,197,0,0,38.51,3
29,11,2,198,0,0,48.69,3
29,11,2,199,0,0,41.76,3
29,11,2,200,0,0,41.81,3
29,11,2,201,0,0,44.81,3
29,11,2,202,0,0,43.63,3
29,11,2,203,0,0,42.5,3
29,11,2,204,0,0,38.6,3
29,11,2,205,0,0,46.93,3
29,11,2,206,0,0,44.94,3
29,11,2,207,0,0,33.33,3
29,11,2,208,0,0,30.2,3
29,11,2,209,0,0,43.19,3
29,11,2,210,0,0,44.04,3
29,11,2,211,0,0,46.8,3
29,11,2,212,0,0,44.44,3
29,11,2,213,0,0,46.68,3
29,11,2,214,0,0,46.9,3
29,11,2,215,0,0,42.25,3
29,11,2,216,0,0,46.63,3
29,11,2,217,0,0,49.19,3
29,11,2,218,0,0,43.42,3
29,11,2,219,0,0,49.63,3
29,11,2,220,0,0,43.71,3
29,11,2,221,0,0,45.14,3
29,11,2,222,0,0,44.03,3
29,11,2,223,0,0,42.94,3
29,11,2,224,0,0,46.17,3
29,11,2,225,0,0,46.74,3
29,11,2,226,0,0,49.11,3
29,11,2,227,0,0,51.02,3
29,11,2,228,0,0,38.69,3
29,11,2,229,0,0,43.39,3
29,11,2,230,0,0,43.33,3
29,11,2,231,0,0,44.86,3
29,11,2,232,0,0,47.34,3
29,11,2,233,0,0,42.49,3
29,11,2,234,0,0,45.22,3
29,11,2,235,0,0,46.43,3
29,11,2,236,0,0,50,3
29,11,2,237,0,0,42.72,3
29,11,2,238,0,0,41.41,3
29,11,2,239,0,0,46.93,3
29,11,2,240,0,0,37.44,3
29,11,2,241,0,0,46.02,3
29,11,2,242,0,0,45.85,3
29,11,2,243,0,0,42.98,3
29,11,2,244,0,0,42.87,3
29,11,2,245,0,0,45.67,3
29,11,2,246,0,0,41.23,3
29,11,2,247,0,0,42.72,3
29,11,2,248,0,0,41.89,3
29,11,2,249,0,0,42.41,3
29,11,2,250,0,0,40.9,3
29,11,2,251,0,0,38.94,3
29,11,2,252,0,0,38.37,3
29,11,2,253,0,0,46.66,3
29,11,2,254,0,0,45.26,3
29,11,2,255,0,0,44.95,3
29,11,2,256,0,0,49.5,3
29,11,2,257,0,0,44.31,3
29,11,2,258,0,0,42.81,3
29,11,2,259,0,0,41.98,3
29,11,2,260,0,0,45.79,3
29,11,2,261,0,0,45.06,3
29,11,2,262,0,0,49.67,3
29,11,2,263,0,0,48.7,3
29,11,2,264,0,0,47.43,3
29,11,2,265,0,0,46.77,3
29,11,2,266,0,0,45.33,3
29,11,2,267,0,0,45.24,3
29,11,2,268,0,0,50.65,3
29,11,2,269,0,0,43.56,3
29,11,2,270,0,0,42.92,3
29,11,2,271,0,0,48.52,3
29,11,2,272,0,0,50.56,3
29,11,2,273,0,0,47.94,3
29,11,2,274,0,0,48.69,3
29,11,2,275,0,0,48.02,3
29,11,2,276,0,0,53.9,3
29,11,2,277,0,0,53.25,3
29,11,2,278,0,0,50.43,3
29,11,2,279,0,0,52,3
29,11,2,280,0,0,52.46,3
29,11,2,281,0,0,45.92,3
29,11,2,282,0,0,48.63,3
29,11,2,283,0,0,51.52,3
29,11,2,284,0,0,50.74,3
29,11,2,285,0,0,53.61,3
29,11,2,286,0,0,48.08,3
29,11,2,287,0,0,53.79,3
29,11,2,288,0,0,57.13,3
