id,date,week,timeSlot,holiday,rrr,windSpeed,Vt6,Vt5,Vt4,Vt3,Vt2,Vt1,Vt
1224,5,6,72,1,0,3.6,54.78,49.3,47.42,57.1,54.63,50.69,44.25
1225,5,6,73,1,0,3.6,49.3,47.42,57.1,54.63,50.69,44.25,59.25
1226,5,6,74,1,0,3.6,47.42,57.1,54.63,50.69,44.25,59.25,71.64
1227,5,6,75,1,0,3.6,57.1,54.63,50.69,44.25,59.25,71.64,54.6
1228,5,6,76,1,0,3.6,54.63,50.69,44.25,59.25,71.64,54.6,52.66
1229,5,6,77,1,0,3.6,50.69,44.25,59.25,71.64,54.6,52.66,48.89
1230,5,6,78,1,0,3.6,44.25,59.25,71.64,54.6,52.66,48.89,43.84
1231,5,6,79,1,0,3.6,59.25,71.64,54.6,52.66,48.89,43.84,46.11
1232,5,6,80,1,0,3.6,71.64,54.6,52.66,48.89,43.84,46.11,60.57
1233,5,6,81,1,0,3.6,54.6,52.66,48.89,43.84,46.11,60.57,54.27
1234,5,6,82,1,0,3.6,52.66,48.89,43.84,46.11,60.57,54.27,46.48
1235,5,6,83,1,0,3.6,48.89,43.84,46.11,60.57,54.27,46.48,49.74
1236,5,6,84,1,0,3.6,43.84,46.11,60.57,54.27,46.48,49.74,36.96
1237,5,6,85,1,0,3.6,46.11,60.57,54.27,46.48,49.74,36.96,46.34
1238,5,6,86,1,0,3.6,60.57,54.27,46.48,49.74,36.96,46.34,46
1239,5,6,87,1,0,3.6,54.27,46.48,49.74,36.96,46.34,46,46.16
1240,5,6,88,1,0,3.6,46.48,49.74,36.96,46.34,46,46.16,48.7
1241,5,6,89,1,0,3.6,49.74,36.96,46.34,46,46.16,48.7,51.29
1242,5,6,90,1,0,3.6,36.96,46.34,46,46.16,48.7,51.29,50.13
1243,5,6,91,1,0,3.6,46.34,46,46.16,48.7,51.29,50.13,45.47
1244,5,6,92,1,0,3.6,46,46.16,48.7,51.29,50.13,45.47,47.33
1245,5,6,93,1,0,3.6,46.16,48.7,51.29,50.13,45.47,47.33,47.25
1246,5,6,94,1,0,3.6,48.7,51.29,50.13,45.47,47.33,47.25,46.27
1247,5,6,95,1,0,3.6,51.29,50.13,45.47,47.33,47.25,46.27,49.61
1248,5,6,96,1,0,3.6,50.13,45.47,47.33,47.25,46.27,49.61,44.5
1249,5,6,97,1,0,3.6,45.47,47.33,47.25,46.27,49.61,44.5,43.91
1250,5,6,98,1,0,3.6,47.33,47.25,46.27,49.61,44.5,43.91,42.77
1251,5,6,99,1,0,3.6,47.25,46.27,49.61,44.5,43.91,42.77,41.91
1252,5,6,100,1,0,3.6,46.27,49.61,44.5,43.91,42.77,41.91,34.55
1253,5,6,101,1,0,3.6,49.61,44.5,43.91,42.77,41.91,34.55,21.33
1254,5,6,102,1,0,3.6,44.5,43.91,42.77,41.91,34.55,21.33,13.27
1255,5,6,103,1,0,3.6,43.91,42.77,41.91,34.55,21.33,13.27,8.3
1256,5,6,104,1,0,3.6,42.77,41.91,34.55,21.33,13.27,8.3,10.68
1257,5,6,105,1,0,3.6,41.91,34.55,21.33,13.27,8.3,10.68,9.49
1258,5,6,106,1,0,3.6,34.55,21.33,13.27,8.3,10.68,9.49,12.14
1259,5,6,107,1,0,3.6,21.33,13.27,8.3,10.68,9.49,12.14,6.75
1260,5,6,108,1,0,3.6,13.27,8.3,10.68,9.49,12.14,6.75,11.8
1261,5,6,109,1,0,3.6,8.3,10.68,9.49,12.14,6.75,11.8,12.43
1262,5,6,110,1,0,3.6,10.68,9.49,12.14,6.75,11.8,12.43,14.53
1263,5,6,111,1,0,3.6,9.49,12.14,6.75,11.8,12.43,14.53,29.65
1264,5,6,112,1,0,3.6,12.14,6.75,11.8,12.43,14.53,29.65,33.05
1265,5,6,113,1,0,3.6,6.75,11.8,12.43,14.53,29.65,33.05,35.18
1266,5,6,114,1,0,3.6,11.8,12.43,14.53,29.65,33.05,35.18,31.43
1267,5,6,115,1,0,3.6,12.43,14.53,29.65,33.05,35.18,31.43,33.6
1268,5,6,116,1,0,3.6,14.53,29.65,33.05,35.18,31.43,33.6,47.98
1269,5,6,117,1,0,3.6,29.65,33.05,35.18,31.43,33.6,47.98,39.82
1270,5,6,118,1,0,3.6,33.05,35.18,31.43,33.6,47.98,39.82,37.43
1271,5,6,119,1,0,3.6,35.18,31.43,33.6,47.98,39.82,37.43,39.09
1272,5,6,120,1,0,3.6,31.43,33.6,47.98,39.82,37.43,39.09,28.61
1273,5,6,121,1,0,3.6,33.6,47.98,39.82,37.43,39.09,28.61,33.54
1274,5,6,122,1,0,3.6,47.98,39.82,37.43,39.09,28.61,33.54,10.12
1275,5,6,123,1,0,3.6,39.82,37.43,39.09,28.61,33.54,10.12,8.48
1276,5,6,124,1,0,3.6,37.43,39.09,28.61,33.54,10.12,8.48,9.03
1277,5,6,125,1,0,3.6,39.09,28.61,33.54,10.12,8.48,9.03,11.51
1278,5,6,126,1,0,3.6,28.61,33.54,10.12,8.48,9.03,11.51,12.46
1279,5,6,127,1,0,3.6,33.54,10.12,8.48,9.03,11.51,12.46,12.56
1280,5,6,128,1,0,3.6,10.12,8.48,9.03,11.51,12.46,12.56,10.69
1281,5,6,129,1,0,3.6,8.48,9.03,11.51,12.46,12.56,10.69,8.5
1282,5,6,130,1,0,3.6,9.03,11.51,12.46,12.56,10.69,8.5,9.73
1283,5,6,131,1,0,3.6,11.51,12.46,12.56,10.69,8.5,9.73,10.27
1284,5,6,132,1,0,3.6,12.46,12.56,10.69,8.5,9.73,10.27,8.38
1285,5,6,133,1,0,3.6,12.56,10.69,8.5,9.73,10.27,8.38,10.6
1286,5,6,134,1,0,3.6,10.69,8.5,9.73,10.27,8.38,10.6,11.84
1287,5,6,135,1,0,3.6,8.5,9.73,10.27,8.38,10.6,11.84,8.45
1288,5,6,136,1,0,3.6,9.73,10.27,8.38,10.6,11.84,8.45,7.81
1289,5,6,137,1,0,3.6,10.27,8.38,10.6,11.84,8.45,7.81,12.78
1290,5,6,138,1,0,3.6,8.38,10.6,11.84,8.45,7.81,12.78,20.48
1291,5,6,139,1,0,3.6,10.6,11.84,8.45,7.81,12.78,20.48,26.4
1292,5,6,140,1,0,3.6,11.84,8.45,7.81,12.78,20.48,26.4,38.19
1293,5,6,141,1,0,3.6,8.45,7.81,12.78,20.48,26.4,38.19,31.79
1294,5,6,142,1,0,3.6,7.81,12.78,20.48,26.4,38.19,31.79,31.4
1295,5,6,143,1,0,3.6,12.78,20.48,26.4,38.19,31.79,31.4,44.32
1296,5,6,144,1,0,3.6,20.48,26.4,38.19,31.79,31.4,44.32,45.05
1297,5,6,145,1,0,3.6,26.4,38.19,31.79,31.4,44.32,45.05,43.23
1298,5,6,146,1,0,3.6,38.19,31.79,31.4,44.32,45.05,43.23,45.69
1299,5,6,147,1,0,3.6,31.79,31.4,44.32,45.05,43.23,45.69,43.61
1300,5,6,148,1,0,3.6,31.4,44.32,45.05,43.23,45.69,43.61,37.33
1301,5,6,149,1,0,3.6,44.32,45.05,43.23,45.69,43.61,37.33,41.73
1302,5,6,150,1,0,3.6,45.05,43.23,45.69,43.61,37.33,41.73,41.29
1303,5,6,151,1,0,3.6,43.23,45.69,43.61,37.33,41.73,41.29,24.55
1304,5,6,152,1,0,3.6,45.69,43.61,37.33,41.73,41.29,24.55,20.13
1305,5,6,153,1,0,3.6,43.61,37.33,41.73,41.29,24.55,20.13,17.9
1306,5,6,154,1,0,3.6,37.33,41.73,41.29,24.55,20.13,17.9,11.6
1307,5,6,155,1,0,3.6,41.73,41.29,24.55,20.13,17.9,11.6,14.87
1308,5,6,156,1,0,3.6,41.29,24.55,20.13,17.9,11.6,14.87,27.59
1309,5,6,157,1,0,3.6,24.55,20.13,17.9,11.6,14.87,27.59,39.02
1310,5,6,158,1,0,3.6,20.13,17.9,11.6,14.87,27.59,39.02,34.61
1311,5,6,159,1,0,3.6,17.9,11.6,14.87,27.59,39.02,34.61,39.71
1312,5,6,160,1,0,3.6,11.6,14.87,27.59,39.02,34.61,39.71,34.41
1313,5,6,161,1,0,3.6,14.87,27.59,39.02,34.61,39.71,34.41,28.29
1314,5,6,162,1,0,3.6,27.59,39.02,34.61,39.71,34.41,28.29,12.39
1315,5,6,163,1,0,3.6,39.02,34.61,39.71,34.41,28.29,12.39,18.06
1316,5,6,164,1,0,3.6,34.61,39.71,34.41,28.29,12.39,18.06,23.34
1317,5,6,165,1,0,3.6,39.71,34.41,28.29,12.39,18.06,23.34,12.06
1318,5,6,166,1,0,3.6,34.41,28.29,12.39,18.06,23.34,12.06,14.86
1319,5,6,167,1,0,3.6,28.29,12.39,18.06,23.34,12.06,14.86,19.37
1320,5,6,168,1,0,3.6,12.39,18.06,23.34,12.06,14.86,19.37,12.12
1321,5,6,169,1,0,3.6,18.06,23.34,12.06,14.86,19.37,12.12,6.82
1322,5,6,170,1,0,3.6,23.34,12.06,14.86,19.37,12.12,6.82,7.7
1323,5,6,171,1,0,3.6,12.06,14.86,19.37,12.12,6.82,7.7,11.29
1324,5,6,172,1,0,3.6,14.86,19.37,12.12,6.82,7.7,11.29,10.14
1325,5,6,173,1,0,3.6,19.37,12.12,6.82,7.7,11.29,10.14,8.47
1326,5,6,174,1,0,3.6,12.12,6.82,7.7,11.29,10.14,8.47,5.81
1327,5,6,175,1,0,3.6,6.82,7.7,11.29,10.14,8.47,5.81,11.39
1328,5,6,176,1,0,3.6,7.7,11.29,10.14,8.47,5.81,11.39,10.13
1329,5,6,177,1,0,3.6,11.29,10.14,8.47,5.81,11.39,10.13,6.78
1330,5,6,178,1,0,3.6,10.14,8.47,5.81,11.39,10.13,6.78,7.77
1331,5,6,179,1,0,3.6,8.47,5.81,11.39,10.13,6.78,7.77,12.46
1332,5,6,180,1,0,3.6,5.81,11.39,10.13,6.78,7.77,12.46,13.32
1333,5,6,181,1,0,3.6,11.39,10.13,6.78,7.77,12.46,13.32,15.44
1334,5,6,182,1,0,3.6,10.13,6.78,7.77,12.46,13.32,15.44,18.28
1335,5,6,183,1,0,3.6,6.78,7.77,12.46,13.32,15.44,18.28,8.06
1336,5,6,184,1,0,3.6,7.77,12.46,13.32,15.44,18.28,8.06,14.55
1337,5,6,185,1,0,3.6,12.46,13.32,15.44,18.28,8.06,14.55,11.11
1338,5,6,186,1,0,3.6,13.32,15.44,18.28,8.06,14.55,11.11,30.5
1339,5,6,187,1,0,3.6,15.44,18.28,8.06,14.55,11.11,30.5,29.29
1340,5,6,188,1,0,3.6,18.28,8.06,14.55,11.11,30.5,29.29,38.29
1341,5,6,189,1,0,3.6,8.06,14.55,11.11,30.5,29.29,38.29,38.89
1342,5,6,190,1,0,3.6,14.55,11.11,30.5,29.29,38.29,38.89,43.97
1343,5,6,191,1,0,3.6,11.11,30.5,29.29,38.29,38.89,43.97,37.15
1344,5,6,192,1,0,3.6,30.5,29.29,38.29,38.89,43.97,37.15,24.2
1345,5,6,193,1,0,3.6,29.29,38.29,38.89,43.97,37.15,24.2,26.22
1346,5,6,194,1,0,3.6,38.29,38.89,43.97,37.15,24.2,26.22,15.5
1347,5,6,195,1,0,3.6,38.89,43.97,37.15,24.2,26.22,15.5,11.63
1348,5,6,196,1,0,3.6,43.97,37.15,24.2,26.22,15.5,11.63,13.74
1349,5,6,197,1,0,3.6,37.15,24.2,26.22,15.5,11.63,13.74,15.99
1350,5,6,198,1,0,3.6,24.2,26.22,15.5,11.63,13.74,15.99,14.49
1351,5,6,199,1,0,3.6,26.22,15.5,11.63,13.74,15.99,14.49,18.8
1352,5,6,200,1,0,3.6,15.5,11.63,13.74,15.99,14.49,18.8,10.93
1353,5,6,201,1,0,3.6,11.63,13.74,15.99,14.49,18.8,10.93,14.12
1354,5,6,202,1,0,3.6,13.74,15.99,14.49,18.8,10.93,14.12,18.52
1355,5,6,203,1,0,3.6,15.99,14.49,18.8,10.93,14.12,18.52,18.75
1356,5,6,204,1,0,3.6,14.49,18.8,10.93,14.12,18.52,18.75,8.79
1357,5,6,205,1,0,3.6,18.8,10.93,14.12,18.52,18.75,8.79,13.12
1358,5,6,206,1,0,3.6,10.93,14.12,18.52,18.75,8.79,13.12,9.27
1359,5,6,207,1,0,3.6,14.12,18.52,18.75,8.79,13.12,9.27,16.84
1360,5,6,208,1,0,3.6,18.52,18.75,8.79,13.12,9.27,16.84,18.1
1361,5,6,209,1,0,3.6,18.75,8.79,13.12,9.27,16.84,18.1,30.06
1362,5,6,210,1,0,3.6,8.79,13.12,9.27,16.84,18.1,30.06,32.25
1363,5,6,211,1,0,3.6,13.12,9.27,16.84,18.1,30.06,32.25,38.32
1364,5,6,212,1,0,3.6,9.27,16.84,18.1,30.06,32.25,38.32,44.57
1365,5,6,213,1,0,3.6,16.84,18.1,30.06,32.25,38.32,44.57,45.68
1366,5,6,214,1,0,3.6,18.1,30.06,32.25,38.32,44.57,45.68,45.43
1367,5,6,215,1,0,3.6,30.06,32.25,38.32,44.57,45.68,45.43,39.92
1368,5,6,216,1,0,3.6,32.25,38.32,44.57,45.68,45.43,39.92,36.56
1369,5,6,217,1,0,3.6,38.32,44.57,45.68,45.43,39.92,36.56,26.05
1370,5,6,218,1,0,3.6,44.57,45.68,45.43,39.92,36.56,26.05,18.31
1371,5,6,219,1,0,3.6,45.68,45.43,39.92,36.56,26.05,18.31,16.61
1372,5,6,220,1,0,3.6,45.43,39.92,36.56,26.05,18.31,16.61,23.35
1373,5,6,221,1,0,3.6,39.92,36.56,26.05,18.31,16.61,23.35,31.89
1374,5,6,222,1,0,3.6,36.56,26.05,18.31,16.61,23.35,31.89,28.38
1375,5,6,223,1,0,3.6,26.05,18.31,16.61,23.35,31.89,28.38,20.53
1376,5,6,224,1,0,3.6,18.31,16.61,23.35,31.89,28.38,20.53,28.19
1377,5,6,225,1,0,3.6,16.61,23.35,31.89,28.38,20.53,28.19,22.72
1378,5,6,226,1,0,3.6,23.35,31.89,28.38,20.53,28.19,22.72,23.09
1379,5,6,227,1,0,3.6,31.89,28.38,20.53,28.19,22.72,23.09,34.5
1380,5,6,228,1,0,3.6,28.38,20.53,28.19,22.72,23.09,34.5,41.64
1381,5,6,229,1,0,3.6,20.53,28.19,22.72,23.09,34.5,41.64,37.58
1382,5,6,230,1,0,3.6,28.19,22.72,23.09,34.5,41.64,37.58,36.26
1383,5,6,231,1,0,3.6,22.72,23.09,34.5,41.64,37.58,36.26,26.58
1384,5,6,232,1,0,3.6,23.09,34.5,41.64,37.58,36.26,26.58,19.39
1385,5,6,233,1,0,3.6,34.5,41.64,37.58,36.26,26.58,19.39,19.95
1386,5,6,234,1,0,3.6,41.64,37.58,36.26,26.58,19.39,19.95,30.9
1387,5,6,235,1,0,3.6,37.58,36.26,26.58,19.39,19.95,30.9,28.47
1388,5,6,236,1,0,3.6,36.26,26.58,19.39,19.95,30.9,28.47,32.27
1389,5,6,237,1,0,3.6,26.58,19.39,19.95,30.9,28.47,32.27,17.49
1390,5,6,238,1,0,3.6,19.39,19.95,30.9,28.47,32.27,17.49,11.01
1391,5,6,239,1,0,3.6,19.95,30.9,28.47,32.27,17.49,11.01,11.17
1392,5,6,240,1,0,3.6,30.9,28.47,32.27,17.49,11.01,11.17,19.85
1393,5,6,241,1,0,3.6,28.47,32.27,17.49,11.01,11.17,19.85,31.57
1394,5,6,242,1,0,3.6,32.27,17.49,11.01,11.17,19.85,31.57,27.75
1395,5,6,243,1,0,3.6,17.49,11.01,11.17,19.85,31.57,27.75,22.39
1396,5,6,244,1,0,3.6,11.01,11.17,19.85,31.57,27.75,22.39,24.09
1397,5,6,245,1,0,3.6,11.17,19.85,31.57,27.75,22.39,24.09,37.62
1398,5,6,246,1,0,3.6,19.85,31.57,27.75,22.39,24.09,37.62,29.27
1399,5,6,247,1,0,3.6,31.57,27.75,22.39,24.09,37.62,29.27,27.82
1400,5,6,248,1,0,3.6,27.75,22.39,24.09,37.62,29.27,27.82,44.08
1401,5,6,249,1,0,3.6,22.39,24.09,37.62,29.27,27.82,44.08,42.35
1402,5,6,250,1,0,3.6,24.09,37.62,29.27,27.82,44.08,42.35,37.77
1403,5,6,251,1,0,3.6,37.62,29.27,27.82,44.08,42.35,37.77,41.48
1404,5,6,252,1,0,3.6,29.27,27.82,44.08,42.35,37.77,41.48,38.34
1405,5,6,253,1,0,3.6,27.82,44.08,42.35,37.77,41.48,38.34,43.91
1406,5,6,254,1,0,3.6,44.08,42.35,37.77,41.48,38.34,43.91,44.6
1407,5,6,255,1,0,3.6,42.35,37.77,41.48,38.34,43.91,44.6,40.86
1408,5,6,256,1,0,3.6,37.77,41.48,38.34,43.91,44.6,40.86,46.13
1409,5,6,257,1,0,3.6,41.48,38.34,43.91,44.6,40.86,46.13,39.61
1410,5,6,258,1,0,3.6,38.34,43.91,44.6,40.86,46.13,39.61,37.48
1411,5,6,259,1,0,3.6,43.91,44.6,40.86,46.13,39.61,37.48,43.34
1412,5,6,260,1,0,3.6,44.6,40.86,46.13,39.61,37.48,43.34,43.49
1413,5,6,261,1,0,3.6,40.86,46.13,39.61,37.48,43.34,43.49,39.76
1414,5,6,262,1,0,3.6,46.13,39.61,37.48,43.34,43.49,39.76,43.3
1415,5,6,263,1,0,3.6,39.61,37.48,43.34,43.49,39.76,43.3,46.67
1416,5,6,264,1,0,3.6,37.48,43.34,43.49,39.76,43.3,46.67,49.44
1417,5,6,265,1,0,3.6,43.34,43.49,39.76,43.3,46.67,49.44,49.33
1418,5,6,266,1,0,3.6,43.49,39.76,43.3,46.67,49.44,49.33,43.04
1419,5,6,267,1,0,3.6,39.76,43.3,46.67,49.44,49.33,43.04,41.07
1420,5,6,268,1,0,3.6,43.3,46.67,49.44,49.33,43.04,41.07,45.34
1421,5,6,269,1,0,3.6,46.67,49.44,49.33,43.04,41.07,45.34,52.97
1422,5,6,270,1,0,3.6,49.44,49.33,43.04,41.07,45.34,52.97,47.4
1423,5,6,271,1,0,3.6,49.33,43.04,41.07,45.34,52.97,47.4,52.64
1424,5,6,272,1,0,3.6,43.04,41.07,45.34,52.97,47.4,52.64,52.6
1425,5,6,273,1,0,3.6,41.07,45.34,52.97,47.4,52.64,52.6,50.44
1426,5,6,274,1,0,3.6,45.34,52.97,47.4,52.64,52.6,50.44,45.66
1427,5,6,275,1,0,3.6,52.97,47.4,52.64,52.6,50.44,45.66,45.13
1428,5,6,276,1,0,3.6,47.4,52.64,52.6,50.44,45.66,45.13,42.3
1429,5,6,277,1,0,3.6,52.64,52.6,50.44,45.66,45.13,42.3,48.62
1430,5,6,278,1,0,3.6,52.6,50.44,45.66,45.13,42.3,48.62,53.29
1431,5,6,279,1,0,3.6,50.44,45.66,45.13,42.3,48.62,53.29,51.03
1432,5,6,280,1,0,3.6,45.66,45.13,42.3,48.62,53.29,51.03,50.98
1433,5,6,281,1,0,3.6,45.13,42.3,48.62,53.29,51.03,50.98,46.73
1434,5,6,282,1,0,3.6,42.3,48.62,53.29,51.03,50.98,46.73,53.18
1435,5,6,283,1,0,3.6,48.62,53.29,51.03,50.98,46.73,53.18,48.9
1436,5,6,284,1,0,3.6,53.29,51.03,50.98,46.73,53.18,48.9,52.32
1437,5,6,285,1,0,3.6,51.03,50.98,46.73,53.18,48.9,52.32,53.1
1438,5,6,286,1,0,3.6,50.98,46.73,53.18,48.9,52.32,53.1,49.27
1439,5,6,287,1,0,3.6,46.73,53.18,48.9,52.32,53.1,49.27,47.39
1440,5,6,288,1,0,3.6,53.18,48.9,52.32,53.1,49.27,47.39,50.72
1512,6,7,72,1,0,3.6,54.7,56.55,58.4,55.19,55.11,55.02,53.87
1513,6,7,73,1,0,3.6,56.55,58.4,55.19,55.11,55.02,53.87,53.29
1514,6,7,74,1,0,3.6,58.4,55.19,55.11,55.02,53.87,53.29,52.71
1515,6,7,75,1,0,3.6,55.19,55.11,55.02,53.87,53.29,52.71,55.59
1516,6,7,76,1,0,3.6,55.11,55.02,53.87,53.29,52.71,55.59,53.22
1517,6,7,77,1,0,3.6,55.02,53.87,53.29,52.71,55.59,53.22,50.84
1518,6,7,78,1,0,3.6,53.87,53.29,52.71,55.59,53.22,50.84,56
1519,6,7,79,1,0,3.6,53.29,52.71,55.59,53.22,50.84,56,58.03
1520,6,7,80,1,0,3.6,52.71,55.59,53.22,50.84,56,58.03,64.03
1521,6,7,81,1,0,3.6,55.59,53.22,50.84,56,58.03,64.03,54.3
1522,6,7,82,1,0,3.6,53.22,50.84,56,58.03,64.03,54.3,39.96
1523,6,7,83,1,0,3.6,50.84,56,58.03,64.03,54.3,39.96,50.71
1524,6,7,84,1,0,3.6,56,58.03,64.03,54.3,39.96,50.71,38.4
1525,6,7,85,1,0,3.6,58.03,64.03,54.3,39.96,50.71,38.4,47.42
1526,6,7,86,1,0,3.6,64.03,54.3,39.96,50.71,38.4,47.42,52.7
1527,6,7,87,1,0,3.6,54.3,39.96,50.71,38.4,47.42,52.7,48.3
1528,6,7,88,1,0,3.6,39.96,50.71,38.4,47.42,52.7,48.3,43.22
1529,6,7,89,1,0,3.6,50.71,38.4,47.42,52.7,48.3,43.22,48.73
1530,6,7,90,1,0,3.6,38.4,47.42,52.7,48.3,43.22,48.73,55.3
1531,6,7,91,1,0,3.6,47.42,52.7,48.3,43.22,48.73,55.3,47.95
1532,6,7,92,1,0,3.6,52.7,48.3,43.22,48.73,55.3,47.95,51.88
1533,6,7,93,1,0,3.6,48.3,43.22,48.73,55.3,47.95,51.88,46.96
1534,6,7,94,1,0,3.6,43.22,48.73,55.3,47.95,51.88,46.96,50.29
1535,6,7,95,1,0,3.6,48.73,55.3,47.95,51.88,46.96,50.29,53.7
1536,6,7,96,1,0,3.6,55.3,47.95,51.88,46.96,50.29,53.7,43.46
1537,6,7,97,1,0,3.6,47.95,51.88,46.96,50.29,53.7,43.46,45.43
1538,6,7,98,1,0,3.6,51.88,46.96,50.29,53.7,43.46,45.43,50.52
1539,6,7,99,1,0,3.6,46.96,50.29,53.7,43.46,45.43,50.52,48.07
1540,6,7,100,1,0,3.6,50.29,53.7,43.46,45.43,50.52,48.07,45.95
1541,6,7,101,1,0,3.6,53.7,43.46,45.43,50.52,48.07,45.95,43.81
1542,6,7,102,1,0,3.6,43.46,45.43,50.52,48.07,45.95,43.81,46.92
1543,6,7,103,1,0,3.6,45.43,50.52,48.07,45.95,43.81,46.92,47.01
1544,6,7,104,1,0,3.6,50.52,48.07,45.95,43.81,46.92,47.01,42.43
1545,6,7,105,1,0,3.6,48.07,45.95,43.81,46.92,47.01,42.43,34.11
1546,6,7,106,1,0,3.6,45.95,43.81,46.92,47.01,42.43,34.11,37.7
1547,6,7,107,1,0,3.6,43.81,46.92,47.01,42.43,34.11,37.7,42.29
1548,6,7,108,1,0,3.6,46.92,47.01,42.43,34.11,37.7,42.29,45.99
1549,6,7,109,1,0.05,3.6,47.01,42.43,34.11,37.7,42.29,45.99,49.89
1550,6,7,110,1,0.05,3.6,42.43,34.11,37.7,42.29,45.99,49.89,43.09
1551,6,7,111,1,0.05,3.6,34.11,37.7,42.29,45.99,49.89,43.09,45.66
1552,6,7,112,1,0.05,3.6,37.7,42.29,45.99,49.89,43.09,45.66,42.51
1553,6,7,113,1,0.05,3.6,42.29,45.99,49.89,43.09,45.66,42.51,44.41
1554,6,7,114,1,0.05,3.6,45.99,49.89,43.09,45.66,42.51,44.41,40.43
1555,6,7,115,1,0.05,3.6,49.89,43.09,45.66,42.51,44.41,40.43,35.67
1556,6,7,116,1,0.05,3.6,43.09,45.66,42.51,44.41,40.43,35.67,41.93
1557,6,7,117,1,0.05,3.6,45.66,42.51,44.41,40.43,35.67,41.93,25.81
1558,6,7,118,1,0.05,3.6,42.51,44.41,40.43,35.67,41.93,25.81,27.21
1559,6,7,119,1,0.05,3.6,44.41,40.43,35.67,41.93,25.81,27.21,36.46
1560,6,7,120,1,0.05,3.6,40.43,35.67,41.93,25.81,27.21,36.46,43.73
1561,6,7,121,1,0.05,3.6,35.67,41.93,25.81,27.21,36.46,43.73,46.96
1562,6,7,122,1,0.05,3.6,41.93,25.81,27.21,36.46,43.73,46.96,36.97
1563,6,7,123,1,0.05,3.6,25.81,27.21,36.46,43.73,46.96,36.97,32.71
1564,6,7,124,1,0.05,3.6,27.21,36.46,43.73,46.96,36.97,32.71,10.16
1565,6,7,125,1,0.05,3.6,36.46,43.73,46.96,36.97,32.71,10.16,7.46
1566,6,7,126,1,0.05,3.6,43.73,46.96,36.97,32.71,10.16,7.46,8.42
1567,6,7,127,1,0.05,3.6,46.96,36.97,32.71,10.16,7.46,8.42,8.11
1568,6,7,128,1,0.05,3.6,36.97,32.71,10.16,7.46,8.42,8.11,5.91
1569,6,7,129,1,0.05,3.6,32.71,10.16,7.46,8.42,8.11,5.91,7.1
1570,6,7,130,1,0.05,3.6,10.16,7.46,8.42,8.11,5.91,7.1,22.07
1571,6,7,131,1,0.05,3.6,7.46,8.42,8.11,5.91,7.1,22.07,14.9
1572,6,7,132,1,0.05,3.6,8.42,8.11,5.91,7.1,22.07,14.9,9.06
1573,6,7,133,1,0.05,3.6,8.11,5.91,7.1,22.07,14.9,9.06,21.73
1574,6,7,134,1,0.05,3.6,5.91,7.1,22.07,14.9,9.06,21.73,25.02
1575,6,7,135,1,0.05,3.6,7.1,22.07,14.9,9.06,21.73,25.02,40.73
1576,6,7,136,1,0.05,3.6,22.07,14.9,9.06,21.73,25.02,40.73,41.41
1577,6,7,137,1,0.05,3.6,14.9,9.06,21.73,25.02,40.73,41.41,41.21
1578,6,7,138,1,0.05,3.6,9.06,21.73,25.02,40.73,41.41,41.21,37.61
1579,6,7,139,1,0.05,3.6,21.73,25.02,40.73,41.41,41.21,37.61,43.68
1580,6,7,140,1,0.05,3.6,25.02,40.73,41.41,41.21,37.61,43.68,46.72
1581,6,7,141,1,0.05,3.6,40.73,41.41,41.21,37.61,43.68,46.72,47.47
1582,6,7,142,1,0.05,3.6,41.41,41.21,37.61,43.68,46.72,47.47,40.69
1583,6,7,143,1,0.05,3.6,41.21,37.61,43.68,46.72,47.47,40.69,37.14
1584,6,7,144,1,0.05,3.6,37.61,43.68,46.72,47.47,40.69,37.14,42.6
1585,6,7,145,1,0,3.6,43.68,46.72,47.47,40.69,37.14,42.6,36.68
1586,6,7,146,1,0,3.6,46.72,47.47,40.69,37.14,42.6,36.68,44.23
1587,6,7,147,1,0,3.6,47.47,40.69,37.14,42.6,36.68,44.23,47.96
1588,6,7,148,1,0,3.6,40.69,37.14,42.6,36.68,44.23,47.96,47.84
1589,6,7,149,1,0,3.6,37.14,42.6,36.68,44.23,47.96,47.84,40.75
1590,6,7,150,1,0,3.6,42.6,36.68,44.23,47.96,47.84,40.75,43.97
1591,6,7,151,1,0,3.6,36.68,44.23,47.96,47.84,40.75,43.97,51.32
1592,6,7,152,1,0,3.6,44.23,47.96,47.84,40.75,43.97,51.32,44.82
1593,6,7,153,1,0,3.6,47.96,47.84,40.75,43.97,51.32,44.82,43.63
1594,6,7,154,1,0,3.6,47.84,40.75,43.97,51.32,44.82,43.63,40.44
1595,6,7,155,1,0,3.6,40.75,43.97,51.32,44.82,43.63,40.44,42.6
1596,6,7,156,1,0,3.6,43.97,51.32,44.82,43.63,40.44,42.6,37.38
1597,6,7,157,1,0,3.6,51.32,44.82,43.63,40.44,42.6,37.38,46.13
1598,6,7,158,1,0,3.6,44.82,43.63,40.44,42.6,37.38,46.13,45.36
1599,6,7,159,1,0,3.6,43.63,40.44,42.6,37.38,46.13,45.36,44.99
1600,6,7,160,1,0,3.6,40.44,42.6,37.38,46.13,45.36,44.99,36.2
1601,6,7,161,1,0,3.6,42.6,37.38,46.13,45.36,44.99,36.2,28.89
1602,6,7,162,1,0,3.6,37.38,46.13,45.36,44.99,36.2,28.89,17.65
1603,6,7,163,1,0,3.6,46.13,45.36,44.99,36.2,28.89,17.65,11.95
1604,6,7,164,1,0,3.6,45.36,44.99,36.2,28.89,17.65,11.95,17.67
1605,6,7,165,1,0,3.6,44.99,36.2,28.89,17.65,11.95,17.67,22.69
1606,6,7,166,1,0,3.6,36.2,28.89,17.65,11.95,17.67,22.69,8.26
1607,6,7,167,1,0,3.6,28.89,17.65,11.95,17.67,22.69,8.26,8.41
1608,6,7,168,1,0,3.6,17.65,11.95,17.67,22.69,8.26,8.41,7.75
1609,6,7,169,1,0,3.6,11.95,17.67,22.69,8.26,8.41,7.75,8.11
1610,6,7,170,1,0,3.6,17.67,22.69,8.26,8.41,7.75,8.11,9.8
1611,6,7,171,1,0,3.6,22.69,8.26,8.41,7.75,8.11,9.8,13.82
1612,6,7,172,1,0,3.6,8.26,8.41,7.75,8.11,9.8,13.82,10.74
1613,6,7,173,1,0,3.6,8.41,7.75,8.11,9.8,13.82,10.74,18.64
1614,6,7,174,1,0,3.6,7.75,8.11,9.8,13.82,10.74,18.64,11.78
1615,6,7,175,1,0,3.6,8.11,9.8,13.82,10.74,18.64,11.78,22.73
1616,6,7,176,1,0,3.6,9.8,13.82,10.74,18.64,11.78,22.73,26.41
1617,6,7,177,1,0,3.6,13.82,10.74,18.64,11.78,22.73,26.41,10.73
1618,6,7,178,1,0,3.6,10.74,18.64,11.78,22.73,26.41,10.73,7.52
1619,6,7,179,1,0,3.6,18.64,11.78,22.73,26.41,10.73,7.52,9.94
1620,6,7,180,1,0,3.6,11.78,22.73,26.41,10.73,7.52,9.94,12.29
1621,6,7,181,1,5,3.6,22.73,26.41,10.73,7.52,9.94,12.29,13.24
1622,6,7,182,1,5,3.6,26.41,10.73,7.52,9.94,12.29,13.24,13.38
1623,6,7,183,1,5,3.6,10.73,7.52,9.94,12.29,13.24,13.38,8.75
1624,6,7,184,1,5,3.6,7.52,9.94,12.29,13.24,13.38,8.75,14.31
1625,6,7,185,1,5,3.6,9.94,12.29,13.24,13.38,8.75,14.31,23.71
1626,6,7,186,1,5,3.6,12.29,13.24,13.38,8.75,14.31,23.71,27.44
1627,6,7,187,1,5,3.6,13.24,13.38,8.75,14.31,23.71,27.44,17.97
1628,6,7,188,1,5,3.6,13.38,8.75,14.31,23.71,27.44,17.97,11.97
1629,6,7,189,1,5,3.6,8.75,14.31,23.71,27.44,17.97,11.97,8.77
1630,6,7,190,1,5,3.6,14.31,23.71,27.44,17.97,11.97,8.77,7.95
1631,6,7,191,1,5,3.6,23.71,27.44,17.97,11.97,8.77,7.95,22.77
1632,6,7,192,1,5,3.6,27.44,17.97,11.97,8.77,7.95,22.77,31.68
1633,6,7,193,1,5,3.6,17.97,11.97,8.77,7.95,22.77,31.68,28.16
1634,6,7,194,1,5,3.6,11.97,8.77,7.95,22.77,31.68,28.16,24.3
1635,6,7,195,1,5,3.6,8.77,7.95,22.77,31.68,28.16,24.3,19.72
1636,6,7,196,1,5,3.6,7.95,22.77,31.68,28.16,24.3,19.72,41.88
1637,6,7,197,1,5,3.6,22.77,31.68,28.16,24.3,19.72,41.88,50.22
1638,6,7,198,1,5,3.6,31.68,28.16,24.3,19.72,41.88,50.22,47.19
1639,6,7,199,1,5,3.6,28.16,24.3,19.72,41.88,50.22,47.19,48.15
1640,6,7,200,1,5,3.6,24.3,19.72,41.88,50.22,47.19,48.15,38.4
1641,6,7,201,1,5,3.6,19.72,41.88,50.22,47.19,48.15,38.4,32.22
1642,6,7,202,1,5,3.6,41.88,50.22,47.19,48.15,38.4,32.22,32.04
1643,6,7,203,1,5,3.6,50.22,47.19,48.15,38.4,32.22,32.04,28.9
1644,6,7,204,1,5,3.6,47.19,48.15,38.4,32.22,32.04,28.9,21.63
1645,6,7,205,1,5,3.6,48.15,38.4,32.22,32.04,28.9,21.63,33.36
1646,6,7,206,1,5,3.6,38.4,32.22,32.04,28.9,21.63,33.36,44.22
1647,6,7,207,1,5,3.6,32.22,32.04,28.9,21.63,33.36,44.22,39.62
1648,6,7,208,1,5,3.6,32.04,28.9,21.63,33.36,44.22,39.62,38.53
1649,6,7,209,1,5,3.6,28.9,21.63,33.36,44.22,39.62,38.53,34.42
1650,6,7,210,1,5,3.6,21.63,33.36,44.22,39.62,38.53,34.42,45.54
1651,6,7,211,1,5,3.6,33.36,44.22,39.62,38.53,34.42,45.54,29.56
1652,6,7,212,1,5,3.6,44.22,39.62,38.53,34.42,45.54,29.56,17.9
1653,6,7,213,1,5,3.6,39.62,38.53,34.42,45.54,29.56,17.9,10.46
1654,6,7,214,1,5,3.6,38.53,34.42,45.54,29.56,17.9,10.46,14.25
1655,6,7,215,1,5,3.6,34.42,45.54,29.56,17.9,10.46,14.25,6.66
1656,6,7,216,1,5,3.6,45.54,29.56,17.9,10.46,14.25,6.66,14.55
1657,6,7,217,1,7.3,7.2,29.56,17.9,10.46,14.25,6.66,14.55,15.99
1658,6,7,218,1,7.3,7.2,17.9,10.46,14.25,6.66,14.55,15.99,7.23
1659,6,7,219,1,7.3,7.2,10.46,14.25,6.66,14.55,15.99,7.23,11.76
1660,6,7,220,1,7.3,7.2,14.25,6.66,14.55,15.99,7.23,11.76,12.02
1661,6,7,221,1,7.3,7.2,6.66,14.55,15.99,7.23,11.76,12.02,9.47
1662,6,7,222,1,7.3,7.2,14.55,15.99,7.23,11.76,12.02,9.47,14.28
1663,6,7,223,1,7.3,7.2,15.99,7.23,11.76,12.02,9.47,14.28,13.86
1664,6,7,224,1,7.3,7.2,7.23,11.76,12.02,9.47,14.28,13.86,10.66
1665,6,7,225,1,7.3,7.2,11.76,12.02,9.47,14.28,13.86,10.66,12.22
1666,6,7,226,1,7.3,7.2,12.02,9.47,14.28,13.86,10.66,12.22,29.57
1667,6,7,227,1,7.3,7.2,9.47,14.28,13.86,10.66,12.22,29.57,37.56
1668,6,7,228,1,7.3,7.2,14.28,13.86,10.66,12.22,29.57,37.56,46.38
1669,6,7,229,1,7.3,7.2,13.86,10.66,12.22,29.57,37.56,46.38,45.6
1670,6,7,230,1,7.3,7.2,10.66,12.22,29.57,37.56,46.38,45.6,43.4
1671,6,7,231,1,7.3,7.2,12.22,29.57,37.56,46.38,45.6,43.4,38.96
1672,6,7,232,1,7.3,7.2,29.57,37.56,46.38,45.6,43.4,38.96,32.77
1673,6,7,233,1,7.3,7.2,37.56,46.38,45.6,43.4,38.96,32.77,35.97
1674,6,7,234,1,7.3,7.2,46.38,45.6,43.4,38.96,32.77,35.97,27.2
1675,6,7,235,1,7.3,7.2,45.6,43.4,38.96,32.77,35.97,27.2,18.6
1676,6,7,236,1,7.3,7.2,43.4,38.96,32.77,35.97,27.2,18.6,10.91
1677,6,7,237,1,7.3,7.2,38.96,32.77,35.97,27.2,18.6,10.91,11.81
1678,6,7,238,1,7.3,7.2,32.77,35.97,27.2,18.6,10.91,11.81,11.25
1679,6,7,239,1,7.3,7.2,35.97,27.2,18.6,10.91,11.81,11.25,9.11
1680,6,7,240,1,7.3,7.2,27.2,18.6,10.91,11.81,11.25,9.11,5.76
1681,6,7,241,1,7.3,7.2,18.6,10.91,11.81,11.25,9.11,5.76,5.38
1682,6,7,242,1,7.3,7.2,10.91,11.81,11.25,9.11,5.76,5.38,6.67
1683,6,7,243,1,7.3,7.2,11.81,11.25,9.11,5.76,5.38,6.67,14.94
1684,6,7,244,1,7.3,7.2,11.25,9.11,5.76,5.38,6.67,14.94,26.06
1685,6,7,245,1,7.3,7.2,9.11,5.76,5.38,6.67,14.94,26.06,38.42
1686,6,7,246,1,7.3,7.2,5.76,5.38,6.67,14.94,26.06,38.42,36.93
1687,6,7,247,1,7.3,7.2,5.38,6.67,14.94,26.06,38.42,36.93,29.83
1688,6,7,248,1,7.3,7.2,6.67,14.94,26.06,38.42,36.93,29.83,28.4
1689,6,7,249,1,7.3,7.2,14.94,26.06,38.42,36.93,29.83,28.4,32.65
1690,6,7,250,1,7.3,7.2,26.06,38.42,36.93,29.83,28.4,32.65,31.81
1691,6,7,251,1,7.3,7.2,38.42,36.93,29.83,28.4,32.65,31.81,43.48
1692,6,7,252,1,7.3,7.2,36.93,29.83,28.4,32.65,31.81,43.48,44.85
1693,6,7,253,1,7.6,3.6,29.83,28.4,32.65,31.81,43.48,44.85,46.5
1694,6,7,254,1,7.6,3.6,28.4,32.65,31.81,43.48,44.85,46.5,34.35
1695,6,7,255,1,7.6,3.6,32.65,31.81,43.48,44.85,46.5,34.35,27.28
1696,6,7,256,1,7.6,3.6,31.81,43.48,44.85,46.5,34.35,27.28,37.31
1697,6,7,257,1,7.6,3.6,43.48,44.85,46.5,34.35,27.28,37.31,41.44
1698,6,7,258,1,7.6,3.6,44.85,46.5,34.35,27.28,37.31,41.44,44.64
1699,6,7,259,1,7.6,3.6,46.5,34.35,27.28,37.31,41.44,44.64,47.35
1700,6,7,260,1,7.6,3.6,34.35,27.28,37.31,41.44,44.64,47.35,39.76
1701,6,7,261,1,7.6,3.6,27.28,37.31,41.44,44.64,47.35,39.76,37.42
1702,6,7,262,1,7.6,3.6,37.31,41.44,44.64,47.35,39.76,37.42,37.36
1703,6,7,263,1,7.6,3.6,41.44,44.64,47.35,39.76,37.42,37.36,50.05
1704,6,7,264,1,7.6,3.6,44.64,47.35,39.76,37.42,37.36,50.05,44.34
1705,6,7,265,1,7.6,3.6,47.35,39.76,37.42,37.36,50.05,44.34,44.7
1706,6,7,266,1,7.6,3.6,39.76,37.42,37.36,50.05,44.34,44.7,44.55
1707,6,7,267,1,7.6,3.6,37.42,37.36,50.05,44.34,44.7,44.55,46.53
1708,6,7,268,1,7.6,3.6,37.36,50.05,44.34,44.7,44.55,46.53,35.15
1709,6,7,269,1,7.6,3.6,50.05,44.34,44.7,44.55,46.53,35.15,47.86
1710,6,7,270,1,7.6,3.6,44.34,44.7,44.55,46.53,35.15,47.86,43.29
1711,6,7,271,1,7.6,3.6,44.7,44.55,46.53,35.15,47.86,43.29,45.05
1712,6,7,272,1,7.6,3.6,44.55,46.53,35.15,47.86,43.29,45.05,42.2
1713,6,7,273,1,7.6,3.6,46.53,35.15,47.86,43.29,45.05,42.2,50.17
1714,6,7,274,1,7.6,3.6,35.15,47.86,43.29,45.05,42.2,50.17,45.81
1715,6,7,275,1,7.6,3.6,47.86,43.29,45.05,42.2,50.17,45.81,46.8
1716,6,7,276,1,7.6,3.6,43.29,45.05,42.2,50.17,45.81,46.8,45.91
1717,6,7,277,1,7.6,3.6,45.05,42.2,50.17,45.81,46.8,45.91,45.63
1718,6,7,278,1,7.6,3.6,42.2,50.17,45.81,46.8,45.91,45.63,47.06
1719,6,7,279,1,7.6,3.6,50.17,45.81,46.8,45.91,45.63,47.06,43.31
1720,6,7,280,1,7.6,3.6,45.81,46.8,45.91,45.63,47.06,43.31,45.5
1721,6,7,281,1,7.6,3.6,46.8,45.91,45.63,47.06,43.31,45.5,46.7
1722,6,7,282,1,7.6,3.6,45.91,45.63,47.06,43.31,45.5,46.7,40.48
1723,6,7,283,1,7.6,3.6,45.63,47.06,43.31,45.5,46.7,40.48,52.1
1724,6,7,284,1,7.6,3.6,47.06,43.31,45.5,46.7,40.48,52.1,44.71
1725,6,7,285,1,7.6,3.6,43.31,45.5,46.7,40.48,52.1,44.71,50.54
1726,6,7,286,1,7.6,3.6,45.5,46.7,40.48,52.1,44.71,50.54,53
1727,6,7,287,1,7.6,3.6,46.7,40.48,52.1,44.71,50.54,53,56.32
1728,6,7,288,1,7.6,3.6,40.48,52.1,44.71,50.54,53,56.32,51.73
3240,12,6,72,1,0,10.8,50.4,57.08,53.99,53.82,59.5,50.25,41.52
3241,12,6,73,1,0,3.6,57.08,53.99,53.82,59.5,50.25,41.52,66.74
3242,12,6,74,1,0,3.6,53.99,53.82,59.5,50.25,41.52,66.74,53.05
3243,12,6,75,1,0,3.6,53.82,59.5,50.25,41.52,66.74,53.05,58.53
3244,12,6,76,1,0,3.6,59.5,50.25,41.52,66.74,53.05,58.53,58
3245,12,6,77,1,0,3.6,50.25,41.52,66.74,53.05,58.53,58,41.4
3246,12,6,78,1,0,3.6,41.52,66.74,53.05,58.53,58,41.4,53.02
3247,12,6,79,1,0,3.6,66.74,53.05,58.53,58,41.4,53.02,54.97
3248,12,6,80,1,0,3.6,53.05,58.53,58,41.4,53.02,54.97,56.91
3249,12,6,81,1,0,3.6,58.53,58,41.4,53.02,54.97,56.91,54.15
3250,12,6,82,1,0,3.6,58,41.4,53.02,54.97,56.91,54.15,58.07
3251,12,6,83,1,0,3.6,41.4,53.02,54.97,56.91,54.15,58.07,47.17
3252,12,6,84,1,0,3.6,53.02,54.97,56.91,54.15,58.07,47.17,50.93
3253,12,6,85,1,0,3.6,54.97,56.91,54.15,58.07,47.17,50.93,45.76
3254,12,6,86,1,0,3.6,56.91,54.15,58.07,47.17,50.93,45.76,45.16
3255,12,6,87,1,0,3.6,54.15,58.07,47.17,50.93,45.76,45.16,47.25
3256,12,6,88,1,0,3.6,58.07,47.17,50.93,45.76,45.16,47.25,52.66
3257,12,6,89,1,0,3.6,47.17,50.93,45.76,45.16,47.25,52.66,48.32
3258,12,6,90,1,0,3.6,50.93,45.76,45.16,47.25,52.66,48.32,48.84
3259,12,6,91,1,0,3.6,45.76,45.16,47.25,52.66,48.32,48.84,47.12
3260,12,6,92,1,0,3.6,45.16,47.25,52.66,48.32,48.84,47.12,47.42
3261,12,6,93,1,0,3.6,47.25,52.66,48.32,48.84,47.12,47.42,56.9
3262,12,6,94,1,0,3.6,52.66,48.32,48.84,47.12,47.42,56.9,50.13
3263,12,6,95,1,0,3.6,48.32,48.84,47.12,47.42,56.9,50.13,49.5
3264,12,6,96,1,0,3.6,48.84,47.12,47.42,56.9,50.13,49.5,48.39
3265,12,6,97,1,0,3.6,47.12,47.42,56.9,50.13,49.5,48.39,49.47
3266,12,6,98,1,0,3.6,47.42,56.9,50.13,49.5,48.39,49.47,45.4
3267,12,6,99,1,0,3.6,56.9,50.13,49.5,48.39,49.47,45.4,43.89
3268,12,6,100,1,0,3.6,50.13,49.5,48.39,49.47,45.4,43.89,43.75
3269,12,6,101,1,0,3.6,49.5,48.39,49.47,45.4,43.89,43.75,31.71
3270,12,6,102,1,0,3.6,48.39,49.47,45.4,43.89,43.75,31.71,36.96
3271,12,6,103,1,0,3.6,49.47,45.4,43.89,43.75,31.71,36.96,27.07
3272,12,6,104,1,0,3.6,45.4,43.89,43.75,31.71,36.96,27.07,22.43
3273,12,6,105,1,0,3.6,43.89,43.75,31.71,36.96,27.07,22.43,28.05
3274,12,6,106,1,0,3.6,43.75,31.71,36.96,27.07,22.43,28.05,13.46
3275,12,6,107,1,0,3.6,31.71,36.96,27.07,22.43,28.05,13.46,25.73
3276,12,6,108,1,0,3.6,36.96,27.07,22.43,28.05,13.46,25.73,16.43
3277,12,6,109,1,0,0,27.07,22.43,28.05,13.46,25.73,16.43,14.3
3278,12,6,110,1,0,0,22.43,28.05,13.46,25.73,16.43,14.3,12.56
3279,12,6,111,1,0,0,28.05,13.46,25.73,16.43,14.3,12.56,17.49
3280,12,6,112,1,0,0,13.46,25.73,16.43,14.3,12.56,17.49,44.91
3281,12,6,113,1,0,0,25.73,16.43,14.3,12.56,17.49,44.91,42.49
3282,12,6,114,1,0,0,16.43,14.3,12.56,17.49,44.91,42.49,42.56
3283,12,6,115,1,0,0,14.3,12.56,17.49,44.91,42.49,42.56,31.51
3284,12,6,116,1,0,0,12.56,17.49,44.91,42.49,42.56,31.51,25.59
3285,12,6,117,1,0,0,17.49,44.91,42.49,42.56,31.51,25.59,14.49
3286,12,6,118,1,0,0,44.91,42.49,42.56,31.51,25.59,14.49,11.92
3287,12,6,119,1,0,0,42.49,42.56,31.51,25.59,14.49,11.92,7.85
3288,12,6,120,1,0,0,42.56,31.51,25.59,14.49,11.92,7.85,7.73
3289,12,6,121,1,0,0,31.51,25.59,14.49,11.92,7.85,7.73,13.63
3290,12,6,122,1,0,0,25.59,14.49,11.92,7.85,7.73,13.63,13.22
3291,12,6,123,1,0,0,14.49,11.92,7.85,7.73,13.63,13.22,9.85
3292,12,6,124,1,0,0,11.92,7.85,7.73,13.63,13.22,9.85,16
3293,12,6,125,1,0,0,7.85,7.73,13.63,13.22,9.85,16,10.15
3294,12,6,126,1,0,0,7.73,13.63,13.22,9.85,16,10.15,11.21
3295,12,6,127,1,0,0,13.63,13.22,9.85,16,10.15,11.21,10.03
3296,12,6,128,1,0,0,13.22,9.85,16,10.15,11.21,10.03,11.24
3297,12,6,129,1,0,0,9.85,16,10.15,11.21,10.03,11.24,12.59
3298,12,6,130,1,0,0,16,10.15,11.21,10.03,11.24,12.59,8.46
3299,12,6,131,1,0,0,10.15,11.21,10.03,11.24,12.59,8.46,10.62
3300,12,6,132,1,0,0,11.21,10.03,11.24,12.59,8.46,10.62,18.97
3301,12,6,133,1,0,0,10.03,11.24,12.59,8.46,10.62,18.97,23.25
3302,12,6,134,1,0,0,11.24,12.59,8.46,10.62,18.97,23.25,14.8
3303,12,6,135,1,0,0,12.59,8.46,10.62,18.97,23.25,14.8,9.9
3304,12,6,136,1,0,0,8.46,10.62,18.97,23.25,14.8,9.9,5.54
3305,12,6,137,1,0,0,10.62,18.97,23.25,14.8,9.9,5.54,9.99
3306,12,6,138,1,0,0,18.97,23.25,14.8,9.9,5.54,9.99,5.87
3307,12,6,139,1,0,0,23.25,14.8,9.9,5.54,9.99,5.87,5.75
3308,12,6,140,1,0,0,14.8,9.9,5.54,9.99,5.87,5.75,5.86
3309,12,6,141,1,0,0,9.9,5.54,9.99,5.87,5.75,5.86,11.42
3310,12,6,142,1,0,0,5.54,9.99,5.87,5.75,5.86,11.42,13.08
3311,12,6,143,1,0,0,9.99,5.87,5.75,5.86,11.42,13.08,9.53
3312,12,6,144,1,0,0,5.87,5.75,5.86,11.42,13.08,9.53,7.89
3313,12,6,145,1,0,3.6,5.75,5.86,11.42,13.08,9.53,7.89,7.81
3314,12,6,146,1,0,3.6,5.86,11.42,13.08,9.53,7.89,7.81,8.74
3315,12,6,147,1,0,3.6,11.42,13.08,9.53,7.89,7.81,8.74,7.67
3316,12,6,148,1,0,3.6,13.08,9.53,7.89,7.81,8.74,7.67,7.03
3317,12,6,149,1,0,3.6,9.53,7.89,7.81,8.74,7.67,7.03,25.43
3318,12,6,150,1,0,3.6,7.89,7.81,8.74,7.67,7.03,25.43,27.72
3319,12,6,151,1,0,3.6,7.81,8.74,7.67,7.03,25.43,27.72,32.16
3320,12,6,152,1,0,3.6,8.74,7.67,7.03,25.43,27.72,32.16,37.34
3321,12,6,153,1,0,3.6,7.67,7.03,25.43,27.72,32.16,37.34,45.23
3322,12,6,154,1,0,3.6,7.03,25.43,27.72,32.16,37.34,45.23,49.17
3323,12,6,155,1,0,3.6,25.43,27.72,32.16,37.34,45.23,49.17,41.74
3324,12,6,156,1,0,3.6,27.72,32.16,37.34,45.23,49.17,41.74,45.57
3325,12,6,157,1,0,3.6,32.16,37.34,45.23,49.17,41.74,45.57,48.07
3326,12,6,158,1,0,3.6,37.34,45.23,49.17,41.74,45.57,48.07,50.5
3327,12,6,159,1,0,3.6,45.23,49.17,41.74,45.57,48.07,50.5,43.41
3328,12,6,160,1,0,3.6,49.17,41.74,45.57,48.07,50.5,43.41,42.18
3329,12,6,161,1,0,3.6,41.74,45.57,48.07,50.5,43.41,42.18,43.65
3330,12,6,162,1,0,3.6,45.57,48.07,50.5,43.41,42.18,43.65,37.84
3331,12,6,163,1,0,3.6,48.07,50.5,43.41,42.18,43.65,37.84,23.33
3332,12,6,164,1,0,3.6,50.5,43.41,42.18,43.65,37.84,23.33,8.09
3333,12,6,165,1,0,3.6,43.41,42.18,43.65,37.84,23.33,8.09,6.47
3334,12,6,166,1,0,3.6,42.18,43.65,37.84,23.33,8.09,6.47,6.14
3335,12,6,167,1,0,3.6,43.65,37.84,23.33,8.09,6.47,6.14,10.42
3336,12,6,168,1,0,3.6,37.84,23.33,8.09,6.47,6.14,10.42,6.81
3337,12,6,169,1,0,3.6,23.33,8.09,6.47,6.14,10.42,6.81,6.73
3338,12,6,170,1,0,3.6,8.09,6.47,6.14,10.42,6.81,6.73,10.15
3339,12,6,171,1,0,3.6,6.47,6.14,10.42,6.81,6.73,10.15,17.83
3340,12,6,172,1,0,3.6,6.14,10.42,6.81,6.73,10.15,17.83,9.7
3341,12,6,173,1,0,3.6,10.42,6.81,6.73,10.15,17.83,9.7,8.71
3342,12,6,174,1,0,3.6,6.81,6.73,10.15,17.83,9.7,8.71,7.92
3343,12,6,175,1,0,3.6,6.73,10.15,17.83,9.7,8.71,7.92,16.46
3344,12,6,176,1,0,3.6,10.15,17.83,9.7,8.71,7.92,16.46,14.03
3345,12,6,177,1,0,3.6,17.83,9.7,8.71,7.92,16.46,14.03,5.18
3346,12,6,178,1,0,3.6,9.7,8.71,7.92,16.46,14.03,5.18,7.19
3347,12,6,179,1,0,3.6,8.71,7.92,16.46,14.03,5.18,7.19,16.96
3348,12,6,180,1,0,3.6,7.92,16.46,14.03,5.18,7.19,16.96,8.92
3349,12,6,181,1,0,3.6,16.46,14.03,5.18,7.19,16.96,8.92,18.96
3350,12,6,182,1,0,3.6,14.03,5.18,7.19,16.96,8.92,18.96,11.92
3351,12,6,183,1,0,3.6,5.18,7.19,16.96,8.92,18.96,11.92,11.39
3352,12,6,184,1,0,3.6,7.19,16.96,8.92,18.96,11.92,11.39,8.7
3353,12,6,185,1,0,3.6,16.96,8.92,18.96,11.92,11.39,8.7,7.59
3354,12,6,186,1,0,3.6,8.92,18.96,11.92,11.39,8.7,7.59,4.92
3355,12,6,187,1,0,3.6,18.96,11.92,11.39,8.7,7.59,4.92,9.74
3356,12,6,188,1,0,3.6,11.92,11.39,8.7,7.59,4.92,9.74,10.37
3357,12,6,189,1,0,3.6,11.39,8.7,7.59,4.92,9.74,10.37,11.58
3358,12,6,190,1,0,3.6,8.7,7.59,4.92,9.74,10.37,11.58,12.08
3359,12,6,191,1,0,3.6,7.59,4.92,9.74,10.37,11.58,12.08,13.23
3360,12,6,192,1,0,3.6,4.92,9.74,10.37,11.58,12.08,13.23,12.53
3361,12,6,193,1,0,3.6,9.74,10.37,11.58,12.08,13.23,12.53,17.46
3362,12,6,194,1,0,3.6,10.37,11.58,12.08,13.23,12.53,17.46,25.13
3363,12,6,195,1,0,3.6,11.58,12.08,13.23,12.53,17.46,25.13,25.86
3364,12,6,196,1,0,3.6,12.08,13.23,12.53,17.46,25.13,25.86,27.72
3365,12,6,197,1,0,3.6,13.23,12.53,17.46,25.13,25.86,27.72,33.49
3366,12,6,198,1,0,3.6,12.53,17.46,25.13,25.86,27.72,33.49,50.81
3367,12,6,199,1,0,3.6,17.46,25.13,25.86,27.72,33.49,50.81,42.09
3368,12,6,200,1,0,3.6,25.13,25.86,27.72,33.49,50.81,42.09,33.64
3369,12,6,201,1,0,3.6,25.86,27.72,33.49,50.81,42.09,33.64,35.24
3370,12,6,202,1,0,3.6,27.72,33.49,50.81,42.09,33.64,35.24,28.42
3371,12,6,203,1,0,3.6,33.49,50.81,42.09,33.64,35.24,28.42,28.85
3372,12,6,204,1,0,3.6,50.81,42.09,33.64,35.24,28.42,28.85,38.88
3373,12,6,205,1,0,3.6,42.09,33.64,35.24,28.42,28.85,38.88,38.28
3374,12,6,206,1,0,3.6,33.64,35.24,28.42,28.85,38.88,38.28,36.04
3375,12,6,207,1,0,3.6,35.24,28.42,28.85,38.88,38.28,36.04,22.31
3376,12,6,208,1,0,3.6,28.42,28.85,38.88,38.28,36.04,22.31,17.6
3377,12,6,209,1,0,3.6,28.85,38.88,38.28,36.04,22.31,17.6,17.71
3378,12,6,210,1,0,3.6,38.88,38.28,36.04,22.31,17.6,17.71,20.32
3379,12,6,211,1,0,3.6,38.28,36.04,22.31,17.6,17.71,20.32,12.55
3380,12,6,212,1,0,3.6,36.04,22.31,17.6,17.71,20.32,12.55,13.36
3381,12,6,213,1,0,3.6,22.31,17.6,17.71,20.32,12.55,13.36,11.16
3382,12,6,214,1,0,3.6,17.6,17.71,20.32,12.55,13.36,11.16,7.48
3383,12,6,215,1,0,3.6,17.71,20.32,12.55,13.36,11.16,7.48,6.63
3384,12,6,216,1,0,3.6,20.32,12.55,13.36,11.16,7.48,6.63,6.5
3385,12,6,217,1,0,3.6,12.55,13.36,11.16,7.48,6.63,6.5,17.94
3386,12,6,218,1,0,3.6,13.36,11.16,7.48,6.63,6.5,17.94,10.73
3387,12,6,219,1,0,3.6,11.16,7.48,6.63,6.5,17.94,10.73,34.61
3388,12,6,220,1,0,3.6,7.48,6.63,6.5,17.94,10.73,34.61,40.23
3389,12,6,221,1,0,3.6,6.63,6.5,17.94,10.73,34.61,40.23,38.07
3390,12,6,222,1,0,3.6,6.5,17.94,10.73,34.61,40.23,38.07,39.05
3391,12,6,223,1,0,3.6,17.94,10.73,34.61,40.23,38.07,39.05,20.41
3392,12,6,224,1,0,3.6,10.73,34.61,40.23,38.07,39.05,20.41,36.01
3393,12,6,225,1,0,3.6,34.61,40.23,38.07,39.05,20.41,36.01,41.47
3394,12,6,226,1,0,3.6,40.23,38.07,39.05,20.41,36.01,41.47,37.43
3395,12,6,227,1,0,3.6,38.07,39.05,20.41,36.01,41.47,37.43,36.19
3396,12,6,228,1,0,3.6,39.05,20.41,36.01,41.47,37.43,36.19,33.78
3397,12,6,229,1,0,3.6,20.41,36.01,41.47,37.43,36.19,33.78,36.61
3398,12,6,230,1,0,3.6,36.01,41.47,37.43,36.19,33.78,36.61,40.97
3399,12,6,231,1,0,3.6,41.47,37.43,36.19,33.78,36.61,40.97,40.48
3400,12,6,232,1,0,3.6,37.43,36.19,33.78,36.61,40.97,40.48,43.21
3401,12,6,233,1,0,3.6,36.19,33.78,36.61,40.97,40.48,43.21,43.99
3402,12,6,234,1,0,3.6,33.78,36.61,40.97,40.48,43.21,43.99,38.92
3403,12,6,235,1,0,3.6,36.61,40.97,40.48,43.21,43.99,38.92,40.23
3404,12,6,236,1,0,3.6,40.97,40.48,43.21,43.99,38.92,40.23,46.09
3405,12,6,237,1,0,3.6,40.48,43.21,43.99,38.92,40.23,46.09,42.67
3406,12,6,238,1,0,3.6,43.21,43.99,38.92,40.23,46.09,42.67,44.2
3407,12,6,239,1,0,3.6,43.99,38.92,40.23,46.09,42.67,44.2,37.42
3408,12,6,240,1,0,3.6,38.92,40.23,46.09,42.67,44.2,37.42,29.29
3409,12,6,241,1,0,3.6,40.23,46.09,42.67,44.2,37.42,29.29,32.89
3410,12,6,242,1,0,3.6,46.09,42.67,44.2,37.42,29.29,32.89,38.37
3411,12,6,243,1,0,3.6,42.67,44.2,37.42,29.29,32.89,38.37,43.97
3412,12,6,244,1,0,3.6,44.2,37.42,29.29,32.89,38.37,43.97,35
3413,12,6,245,1,0,3.6,37.42,29.29,32.89,38.37,43.97,35,37.35
3414,12,6,246,1,0,3.6,29.29,32.89,38.37,43.97,35,37.35,39.36
3415,12,6,247,1,0,3.6,32.89,38.37,43.97,35,37.35,39.36,41.11
3416,12,6,248,1,0,3.6,38.37,43.97,35,37.35,39.36,41.11,39.86
3417,12,6,249,1,0,3.6,43.97,35,37.35,39.36,41.11,39.86,40.65
3418,12,6,250,1,0,3.6,35,37.35,39.36,41.11,39.86,40.65,42.17
3419,12,6,251,1,0,3.6,37.35,39.36,41.11,39.86,40.65,42.17,43.56
3420,12,6,252,1,0,3.6,39.36,41.11,39.86,40.65,42.17,43.56,42.04
3421,12,6,253,1,0,3.6,41.11,39.86,40.65,42.17,43.56,42.04,47.58
3422,12,6,254,1,0,3.6,39.86,40.65,42.17,43.56,42.04,47.58,41.21
3423,12,6,255,1,0,3.6,40.65,42.17,43.56,42.04,47.58,41.21,46.34
3424,12,6,256,1,0,3.6,42.17,43.56,42.04,47.58,41.21,46.34,35.32
3425,12,6,257,1,0,3.6,43.56,42.04,47.58,41.21,46.34,35.32,46.21
3426,12,6,258,1,0,3.6,42.04,47.58,41.21,46.34,35.32,46.21,45.26
3427,12,6,259,1,0,3.6,47.58,41.21,46.34,35.32,46.21,45.26,44.64
3428,12,6,260,1,0,3.6,41.21,46.34,35.32,46.21,45.26,44.64,41.83
3429,12,6,261,1,0,3.6,46.34,35.32,46.21,45.26,44.64,41.83,43.65
3430,12,6,262,1,0,3.6,35.32,46.21,45.26,44.64,41.83,43.65,41.02
3431,12,6,263,1,0,3.6,46.21,45.26,44.64,41.83,43.65,41.02,44.63
3432,12,6,264,1,0,3.6,45.26,44.64,41.83,43.65,41.02,44.63,43.14
3433,12,6,265,1,0,3.6,44.64,41.83,43.65,41.02,44.63,43.14,45.28
3434,12,6,266,1,0,3.6,41.83,43.65,41.02,44.63,43.14,45.28,42.4
3435,12,6,267,1,0,3.6,43.65,41.02,44.63,43.14,45.28,42.4,44.98
3436,12,6,268,1,0,3.6,41.02,44.63,43.14,45.28,42.4,44.98,42.07
3437,12,6,269,1,0,3.6,44.63,43.14,45.28,42.4,44.98,42.07,41.93
3438,12,6,270,1,0,3.6,43.14,45.28,42.4,44.98,42.07,41.93,44.37
3439,12,6,271,1,0,3.6,45.28,42.4,44.98,42.07,41.93,44.37,48.23
3440,12,6,272,1,0,3.6,42.4,44.98,42.07,41.93,44.37,48.23,48.72
3441,12,6,273,1,0,3.6,44.98,42.07,41.93,44.37,48.23,48.72,44.04
3442,12,6,274,1,0,3.6,42.07,41.93,44.37,48.23,48.72,44.04,44.23
3443,12,6,275,1,0,3.6,41.93,44.37,48.23,48.72,44.04,44.23,51.04
3444,12,6,276,1,0,3.6,44.37,48.23,48.72,44.04,44.23,51.04,48.13
3445,12,6,277,1,0,3.6,48.23,48.72,44.04,44.23,51.04,48.13,51.47
3446,12,6,278,1,0,3.6,48.72,44.04,44.23,51.04,48.13,51.47,45.47
3447,12,6,279,1,0,3.6,44.04,44.23,51.04,48.13,51.47,45.47,49.39
3448,12,6,280,1,0,3.6,44.23,51.04,48.13,51.47,45.47,49.39,45.65
3449,12,6,281,1,0,3.6,51.04,48.13,51.47,45.47,49.39,45.65,51.38
3450,12,6,282,1,0,3.6,48.13,51.47,45.47,49.39,45.65,51.38,55.57
3451,12,6,283,1,0,3.6,51.47,45.47,49.39,45.65,51.38,55.57,54.39
3452,12,6,284,1,0,3.6,45.47,49.39,45.65,51.38,55.57,54.39,47.61
3453,12,6,285,1,0,3.6,49.39,45.65,51.38,55.57,54.39,47.61,50.33
3454,12,6,286,1,0,3.6,45.65,51.38,55.57,54.39,47.61,50.33,54
3455,12,6,287,1,0,3.6,51.38,55.57,54.39,47.61,50.33,54,48.81
3456,12,6,288,1,0,3.6,55.57,54.39,47.61,50.33,54,48.81,48.27
3528,13,7,72,1,0,7.2,47.5,62,54,46.2,14.1,37.21,60.33
3529,13,7,73,1,0,3.6,62,54,46.2,14.1,37.21,60.33,39.61
3530,13,7,74,1,0,3.6,54,46.2,14.1,37.21,60.33,39.61,39.6
3531,13,7,75,1,0,3.6,46.2,14.1,37.21,60.33,39.61,39.6,53.13
3532,13,7,76,1,0,3.6,14.1,37.21,60.33,39.61,39.6,53.13,50.41
3533,13,7,77,1,0,3.6,37.21,60.33,39.61,39.6,53.13,50.41,56.71
3534,13,7,78,1,0,3.6,60.33,39.61,39.6,53.13,50.41,56.71,53.26
3535,13,7,79,1,0,3.6,39.61,39.6,53.13,50.41,56.71,53.26,42.45
3536,13,7,80,1,0,3.6,39.6,53.13,50.41,56.71,53.26,42.45,48.6
3537,13,7,81,1,0,3.6,53.13,50.41,56.71,53.26,42.45,48.6,39.12
3538,13,7,82,1,0,3.6,50.41,56.71,53.26,42.45,48.6,39.12,54.85
3539,13,7,83,1,0,3.6,56.71,53.26,42.45,48.6,39.12,54.85,55.12
3540,13,7,84,1,0,3.6,53.26,42.45,48.6,39.12,54.85,55.12,50.46
3541,13,7,85,1,0,3.6,42.45,48.6,39.12,54.85,55.12,50.46,42.03
3542,13,7,86,1,0,3.6,48.6,39.12,54.85,55.12,50.46,42.03,53.67
3543,13,7,87,1,0,3.6,39.12,54.85,55.12,50.46,42.03,53.67,46.4
3544,13,7,88,1,0,3.6,54.85,55.12,50.46,42.03,53.67,46.4,45.93
3545,13,7,89,1,0,3.6,55.12,50.46,42.03,53.67,46.4,45.93,49.94
3546,13,7,90,1,0,3.6,50.46,42.03,53.67,46.4,45.93,49.94,54.2
3547,13,7,91,1,0,3.6,42.03,53.67,46.4,45.93,49.94,54.2,51.15
3548,13,7,92,1,0,3.6,53.67,46.4,45.93,49.94,54.2,51.15,46.95
3549,13,7,93,1,0,3.6,46.4,45.93,49.94,54.2,51.15,46.95,47.91
3550,13,7,94,1,0,3.6,45.93,49.94,54.2,51.15,46.95,47.91,52.1
3551,13,7,95,1,0,3.6,49.94,54.2,51.15,46.95,47.91,52.1,48.54
3552,13,7,96,1,0,3.6,54.2,51.15,46.95,47.91,52.1,48.54,46.41
3553,13,7,97,1,0,3.6,51.15,46.95,47.91,52.1,48.54,46.41,53.2
3554,13,7,98,1,0,3.6,46.95,47.91,52.1,48.54,46.41,53.2,49.39
3555,13,7,99,1,0,3.6,47.91,52.1,48.54,46.41,53.2,49.39,48.12
3556,13,7,100,1,0,3.6,52.1,48.54,46.41,53.2,49.39,48.12,53.28
3557,13,7,101,1,0,3.6,48.54,46.41,53.2,49.39,48.12,53.28,44.19
3558,13,7,102,1,0,3.6,46.41,53.2,49.39,48.12,53.28,44.19,45.7
3559,13,7,103,1,0,3.6,53.2,49.39,48.12,53.28,44.19,45.7,40.97
3560,13,7,104,1,0,3.6,49.39,48.12,53.28,44.19,45.7,40.97,50.73
3561,13,7,105,1,0,3.6,48.12,53.28,44.19,45.7,40.97,50.73,44.72
3562,13,7,106,1,0,3.6,53.28,44.19,45.7,40.97,50.73,44.72,37.59
3563,13,7,107,1,0,3.6,44.19,45.7,40.97,50.73,44.72,37.59,40.03
3564,13,7,108,1,0,3.6,45.7,40.97,50.73,44.72,37.59,40.03,46.79
3565,13,7,109,1,0,3.6,40.97,50.73,44.72,37.59,40.03,46.79,43.31
3566,13,7,110,1,0,3.6,50.73,44.72,37.59,40.03,46.79,43.31,47.44
3567,13,7,111,1,0,3.6,44.72,37.59,40.03,46.79,43.31,47.44,42
3568,13,7,112,1,0,3.6,37.59,40.03,46.79,43.31,47.44,42,39.19
3569,13,7,113,1,0,3.6,40.03,46.79,43.31,47.44,42,39.19,38.87
3570,13,7,114,1,0,3.6,46.79,43.31,47.44,42,39.19,38.87,48.28
3571,13,7,115,1,0,3.6,43.31,47.44,42,39.19,38.87,48.28,47.89
3572,13,7,116,1,0,3.6,47.44,42,39.19,38.87,48.28,47.89,42.38
3573,13,7,117,1,0,3.6,42,39.19,38.87,48.28,47.89,42.38,41.29
3574,13,7,118,1,0,3.6,39.19,38.87,48.28,47.89,42.38,41.29,34.7
3575,13,7,119,1,0,3.6,38.87,48.28,47.89,42.38,41.29,34.7,35.95
3576,13,7,120,1,0,3.6,48.28,47.89,42.38,41.29,34.7,35.95,50.31
3577,13,7,121,1,0,3.6,47.89,42.38,41.29,34.7,35.95,50.31,43.59
3578,13,7,122,1,0,3.6,42.38,41.29,34.7,35.95,50.31,43.59,45.8
3579,13,7,123,1,0,3.6,41.29,34.7,35.95,50.31,43.59,45.8,40.31
3580,13,7,124,1,0,3.6,34.7,35.95,50.31,43.59,45.8,40.31,23.02
3581,13,7,125,1,0,3.6,35.95,50.31,43.59,45.8,40.31,23.02,27.82
3582,13,7,126,1,0,3.6,50.31,43.59,45.8,40.31,23.02,27.82,15.52
3583,13,7,127,1,0,3.6,43.59,45.8,40.31,23.02,27.82,15.52,11.74
3584,13,7,128,1,0,3.6,45.8,40.31,23.02,27.82,15.52,11.74,14.88
3585,13,7,129,1,0,3.6,40.31,23.02,27.82,15.52,11.74,14.88,11.51
3586,13,7,130,1,0,3.6,23.02,27.82,15.52,11.74,14.88,11.51,8.49
3587,13,7,131,1,0,3.6,27.82,15.52,11.74,14.88,11.51,8.49,9.74
3588,13,7,132,1,0,3.6,15.52,11.74,14.88,11.51,8.49,9.74,18.51
3589,13,7,133,1,0,3.6,11.74,14.88,11.51,8.49,9.74,18.51,16.37
3590,13,7,134,1,0,3.6,14.88,11.51,8.49,9.74,18.51,16.37,34.88
3591,13,7,135,1,0,3.6,11.51,8.49,9.74,18.51,16.37,34.88,34.96
3592,13,7,136,1,0,3.6,8.49,9.74,18.51,16.37,34.88,34.96,16.46
3593,13,7,137,1,0,3.6,9.74,18.51,16.37,34.88,34.96,16.46,9.02
3594,13,7,138,1,0,3.6,18.51,16.37,34.88,34.96,16.46,9.02,7.08
3595,13,7,139,1,0,3.6,16.37,34.88,34.96,16.46,9.02,7.08,8.99
3596,13,7,140,1,0,3.6,34.88,34.96,16.46,9.02,7.08,8.99,21.39
3597,13,7,141,1,0,3.6,34.96,16.46,9.02,7.08,8.99,21.39,38.97
3598,13,7,142,1,0,3.6,16.46,9.02,7.08,8.99,21.39,38.97,34.78
3599,13,7,143,1,0,3.6,9.02,7.08,8.99,21.39,38.97,34.78,38.65
3600,13,7,144,1,0,3.6,7.08,8.99,21.39,38.97,34.78,38.65,43.76
3601,13,7,145,1,0,3.6,8.99,21.39,38.97,34.78,38.65,43.76,45.69
3602,13,7,146,1,0,3.6,21.39,38.97,34.78,38.65,43.76,45.69,50.09
3603,13,7,147,1,0,3.6,38.97,34.78,38.65,43.76,45.69,50.09,42.67
3604,13,7,148,1,0,3.6,34.78,38.65,43.76,45.69,50.09,42.67,48.35
3605,13,7,149,1,0,3.6,38.65,43.76,45.69,50.09,42.67,48.35,43.61
3606,13,7,150,1,0,3.6,43.76,45.69,50.09,42.67,48.35,43.61,45.59
3607,13,7,151,1,0,3.6,45.69,50.09,42.67,48.35,43.61,45.59,49.3
3608,13,7,152,1,0,3.6,50.09,42.67,48.35,43.61,45.59,49.3,43
3609,13,7,153,1,0,3.6,42.67,48.35,43.61,45.59,49.3,43,41.8
3610,13,7,154,1,0,3.6,48.35,43.61,45.59,49.3,43,41.8,42.65
3611,13,7,155,1,0,3.6,43.61,45.59,49.3,43,41.8,42.65,45.38
3612,13,7,156,1,0,3.6,45.59,49.3,43,41.8,42.65,45.38,50.3
3613,13,7,157,1,0,3.6,49.3,43,41.8,42.65,45.38,50.3,45.53
3614,13,7,158,1,0,3.6,43,41.8,42.65,45.38,50.3,45.53,45.32
3615,13,7,159,1,0,3.6,41.8,42.65,45.38,50.3,45.53,45.32,46.16
3616,13,7,160,1,0,3.6,42.65,45.38,50.3,45.53,45.32,46.16,39.96
3617,13,7,161,1,0,3.6,45.38,50.3,45.53,45.32,46.16,39.96,40.61
3618,13,7,162,1,0,3.6,50.3,45.53,45.32,46.16,39.96,40.61,39.83
3619,13,7,163,1,0,3.6,45.53,45.32,46.16,39.96,40.61,39.83,39.75
3620,13,7,164,1,0,3.6,45.32,46.16,39.96,40.61,39.83,39.75,33.66
3621,13,7,165,1,0,3.6,46.16,39.96,40.61,39.83,39.75,33.66,25.92
3622,13,7,166,1,0,3.6,39.96,40.61,39.83,39.75,33.66,25.92,6.96
3623,13,7,167,1,0,3.6,40.61,39.83,39.75,33.66,25.92,6.96,7.51
3624,13,7,168,1,0,3.6,39.83,39.75,33.66,25.92,6.96,7.51,7.61
3625,13,7,169,1,0,3.6,39.75,33.66,25.92,6.96,7.51,7.61,6.91
3626,13,7,170,1,0,3.6,33.66,25.92,6.96,7.51,7.61,6.91,8.56
3627,13,7,171,1,0,3.6,25.92,6.96,7.51,7.61,6.91,8.56,13.95
3628,13,7,172,1,0,3.6,6.96,7.51,7.61,6.91,8.56,13.95,19.97
3629,13,7,173,1,0,3.6,7.51,7.61,6.91,8.56,13.95,19.97,11.46
3630,13,7,174,1,0,3.6,7.61,6.91,8.56,13.95,19.97,11.46,7.1
3631,13,7,175,1,0,3.6,6.91,8.56,13.95,19.97,11.46,7.1,6.78
3632,13,7,176,1,0,3.6,8.56,13.95,19.97,11.46,7.1,6.78,9.38
3633,13,7,177,1,0,3.6,13.95,19.97,11.46,7.1,6.78,9.38,7.82
3634,13,7,178,1,0,3.6,19.97,11.46,7.1,6.78,9.38,7.82,7.75
3635,13,7,179,1,0,3.6,11.46,7.1,6.78,9.38,7.82,7.75,9.96
3636,13,7,180,1,0,3.6,7.1,6.78,9.38,7.82,7.75,9.96,8.07
3637,13,7,181,1,0,3.6,6.78,9.38,7.82,7.75,9.96,8.07,14.49
3638,13,7,182,1,0,3.6,9.38,7.82,7.75,9.96,8.07,14.49,27.42
3639,13,7,183,1,0,3.6,7.82,7.75,9.96,8.07,14.49,27.42,12.99
3640,13,7,184,1,0,3.6,7.75,9.96,8.07,14.49,27.42,12.99,26.96
3641,13,7,185,1,0,3.6,9.96,8.07,14.49,27.42,12.99,26.96,31.63
3642,13,7,186,1,0,3.6,8.07,14.49,27.42,12.99,26.96,31.63,41.53
3643,13,7,187,1,0,3.6,14.49,27.42,12.99,26.96,31.63,41.53,40.42
3644,13,7,188,1,0,3.6,27.42,12.99,26.96,31.63,41.53,40.42,27.31
3645,13,7,189,1,0,3.6,12.99,26.96,31.63,41.53,40.42,27.31,30.31
3646,13,7,190,1,0,3.6,26.96,31.63,41.53,40.42,27.31,30.31,37.77
3647,13,7,191,1,0,3.6,31.63,41.53,40.42,27.31,30.31,37.77,32.2
3648,13,7,192,1,0,3.6,41.53,40.42,27.31,30.31,37.77,32.2,48.3
3649,13,7,193,1,0,3.6,40.42,27.31,30.31,37.77,32.2,48.3,41.23
3650,13,7,194,1,0,3.6,27.31,30.31,37.77,32.2,48.3,41.23,43.98
3651,13,7,195,1,0,3.6,30.31,37.77,32.2,48.3,41.23,43.98,40.76
3652,13,7,196,1,0,3.6,37.77,32.2,48.3,41.23,43.98,40.76,44.95
3653,13,7,197,1,0,3.6,32.2,48.3,41.23,43.98,40.76,44.95,48.23
3654,13,7,198,1,0,3.6,48.3,41.23,43.98,40.76,44.95,48.23,46.93
3655,13,7,199,1,0,3.6,41.23,43.98,40.76,44.95,48.23,46.93,45.48
3656,13,7,200,1,0,3.6,43.98,40.76,44.95,48.23,46.93,45.48,45.24
3657,13,7,201,1,0,3.6,40.76,44.95,48.23,46.93,45.48,45.24,46.71
3658,13,7,202,1,0,3.6,44.95,48.23,46.93,45.48,45.24,46.71,50.76
3659,13,7,203,1,0,3.6,48.23,46.93,45.48,45.24,46.71,50.76,41.89
3660,13,7,204,1,0,3.6,46.93,45.48,45.24,46.71,50.76,41.89,39
3661,13,7,205,1,0,3.6,45.48,45.24,46.71,50.76,41.89,39,45.1
3662,13,7,206,1,0,3.6,45.24,46.71,50.76,41.89,39,45.1,41.25
3663,13,7,207,1,0,3.6,46.71,50.76,41.89,39,45.1,41.25,42.44
3664,13,7,208,1,0,3.6,50.76,41.89,39,45.1,41.25,42.44,42.44
3665,13,7,209,1,0,3.6,41.89,39,45.1,41.25,42.44,42.44,34.91
3666,13,7,210,1,0,3.6,39,45.1,41.25,42.44,42.44,34.91,34.69
3667,13,7,211,1,0,3.6,45.1,41.25,42.44,42.44,34.91,34.69,21.2
3668,13,7,212,1,0,3.6,41.25,42.44,42.44,34.91,34.69,21.2,13.22
3669,13,7,213,1,0,3.6,42.44,42.44,34.91,34.69,21.2,13.22,8.61
3670,13,7,214,1,0,3.6,42.44,34.91,34.69,21.2,13.22,8.61,12.05
3671,13,7,215,1,0,3.6,34.91,34.69,21.2,13.22,8.61,12.05,8.95
3672,13,7,216,1,0,3.6,34.69,21.2,13.22,8.61,12.05,8.95,18.89
3673,13,7,217,1,0,3.6,21.2,13.22,8.61,12.05,8.95,18.89,25
3674,13,7,218,1,0,3.6,13.22,8.61,12.05,8.95,18.89,25,22.65
3675,13,7,219,1,0,3.6,8.61,12.05,8.95,18.89,25,22.65,10.23
3676,13,7,220,1,0,3.6,12.05,8.95,18.89,25,22.65,10.23,9.18
3677,13,7,221,1,0,3.6,8.95,18.89,25,22.65,10.23,9.18,12.39
3678,13,7,222,1,0,3.6,18.89,25,22.65,10.23,9.18,12.39,21.84
3679,13,7,223,1,0,3.6,25,22.65,10.23,9.18,12.39,21.84,27.22
3680,13,7,224,1,0,3.6,22.65,10.23,9.18,12.39,21.84,27.22,36.87
3681,13,7,225,1,0,3.6,10.23,9.18,12.39,21.84,27.22,36.87,27.74
3682,13,7,226,1,0,3.6,9.18,12.39,21.84,27.22,36.87,27.74,20.97
3683,13,7,227,1,0,3.6,12.39,21.84,27.22,36.87,27.74,20.97,13.7
3684,13,7,228,1,0,3.6,21.84,27.22,36.87,27.74,20.97,13.7,8.66
3685,13,7,229,1,0,3.6,27.22,36.87,27.74,20.97,13.7,8.66,18.42
3686,13,7,230,1,0,3.6,36.87,27.74,20.97,13.7,8.66,18.42,21.35
3687,13,7,231,1,0,3.6,27.74,20.97,13.7,8.66,18.42,21.35,40.22
3688,13,7,232,1,0,3.6,20.97,13.7,8.66,18.42,21.35,40.22,42.54
3689,13,7,233,1,0,3.6,13.7,8.66,18.42,21.35,40.22,42.54,42
3690,13,7,234,1,0,3.6,8.66,18.42,21.35,40.22,42.54,42,42.56
3691,13,7,235,1,0,3.6,18.42,21.35,40.22,42.54,42,42.56,40.07
3692,13,7,236,1,0,3.6,21.35,40.22,42.54,42,42.56,40.07,40.38
3693,13,7,237,1,0,3.6,40.22,42.54,42,42.56,40.07,40.38,43.49
3694,13,7,238,1,0,3.6,42.54,42,42.56,40.07,40.38,43.49,45.7
3695,13,7,239,1,0,3.6,42,42.56,40.07,40.38,43.49,45.7,34.18
3696,13,7,240,1,0,3.6,42.56,40.07,40.38,43.49,45.7,34.18,18.04
3697,13,7,241,1,0,3.6,40.07,40.38,43.49,45.7,34.18,18.04,19.44
3698,13,7,242,1,0,3.6,40.38,43.49,45.7,34.18,18.04,19.44,23.34
3699,13,7,243,1,0,3.6,43.49,45.7,34.18,18.04,19.44,23.34,33.79
3700,13,7,244,1,0,3.6,45.7,34.18,18.04,19.44,23.34,33.79,25.36
3701,13,7,245,1,0,3.6,34.18,18.04,19.44,23.34,33.79,25.36,28.43
3702,13,7,246,1,0,3.6,18.04,19.44,23.34,33.79,25.36,28.43,32.07
3703,13,7,247,1,0,3.6,19.44,23.34,33.79,25.36,28.43,32.07,24.4
3704,13,7,248,1,0,3.6,23.34,33.79,25.36,28.43,32.07,24.4,26.12
3705,13,7,249,1,0,3.6,33.79,25.36,28.43,32.07,24.4,26.12,28.15
3706,13,7,250,1,0,3.6,25.36,28.43,32.07,24.4,26.12,28.15,17.99
3707,13,7,251,1,0,3.6,28.43,32.07,24.4,26.12,28.15,17.99,32.79
3708,13,7,252,1,0,3.6,32.07,24.4,26.12,28.15,17.99,32.79,40.87
3709,13,7,253,1,0,3.6,24.4,26.12,28.15,17.99,32.79,40.87,40.17
3710,13,7,254,1,0,3.6,26.12,28.15,17.99,32.79,40.87,40.17,46.92
3711,13,7,255,1,0,3.6,28.15,17.99,32.79,40.87,40.17,46.92,43.79
3712,13,7,256,1,0,3.6,17.99,32.79,40.87,40.17,46.92,43.79,41.75
3713,13,7,257,1,0,3.6,32.79,40.87,40.17,46.92,43.79,41.75,45.44
3714,13,7,258,1,0,3.6,40.87,40.17,46.92,43.79,41.75,45.44,38.57
3715,13,7,259,1,0,3.6,40.17,46.92,43.79,41.75,45.44,38.57,43.98
3716,13,7,260,1,0,3.6,46.92,43.79,41.75,45.44,38.57,43.98,38.62
3717,13,7,261,1,0,3.6,43.79,41.75,45.44,38.57,43.98,38.62,49.17
3718,13,7,262,1,0,3.6,41.75,45.44,38.57,43.98,38.62,49.17,46.58
3719,13,7,263,1,0,3.6,45.44,38.57,43.98,38.62,49.17,46.58,48.01
3720,13,7,264,1,0,3.6,38.57,43.98,38.62,49.17,46.58,48.01,43.84
3721,13,7,265,1,0,3.6,43.98,38.62,49.17,46.58,48.01,43.84,46.03
3722,13,7,266,1,0,3.6,38.62,49.17,46.58,48.01,43.84,46.03,41.7
3723,13,7,267,1,0,3.6,49.17,46.58,48.01,43.84,46.03,41.7,38.92
3724,13,7,268,1,0,3.6,46.58,48.01,43.84,46.03,41.7,38.92,49.37
3725,13,7,269,1,0,3.6,48.01,43.84,46.03,41.7,38.92,49.37,41
3726,13,7,270,1,0,3.6,43.84,46.03,41.7,38.92,49.37,41,45.11
3727,13,7,271,1,0,3.6,46.03,41.7,38.92,49.37,41,45.11,43.68
3728,13,7,272,1,0,3.6,41.7,38.92,49.37,41,45.11,43.68,51.11
3729,13,7,273,1,0,3.6,38.92,49.37,41,45.11,43.68,51.11,35.29
3730,13,7,274,1,0,3.6,49.37,41,45.11,43.68,51.11,35.29,48.1
3731,13,7,275,1,0,3.6,41,45.11,43.68,51.11,35.29,48.1,49.57
3732,13,7,276,1,0,3.6,45.11,43.68,51.11,35.29,48.1,49.57,43.85
3733,13,7,277,1,0,3.6,43.68,51.11,35.29,48.1,49.57,43.85,44.5
3734,13,7,278,1,0,3.6,51.11,35.29,48.1,49.57,43.85,44.5,55.68
3735,13,7,279,1,0,3.6,35.29,48.1,49.57,43.85,44.5,55.68,43.47
3736,13,7,280,1,0,3.6,48.1,49.57,43.85,44.5,55.68,43.47,55.23
3737,13,7,281,1,0,3.6,49.57,43.85,44.5,55.68,43.47,55.23,49.86
3738,13,7,282,1,0,3.6,43.85,44.5,55.68,43.47,55.23,49.86,46.8
3739,13,7,283,1,0,3.6,44.5,55.68,43.47,55.23,49.86,46.8,51.15
3740,13,7,284,1,0,3.6,55.68,43.47,55.23,49.86,46.8,51.15,51.03
3741,13,7,285,1,0,3.6,43.47,55.23,49.86,46.8,51.15,51.03,47.92
3742,13,7,286,1,0,3.6,55.23,49.86,46.8,51.15,51.03,47.92,47.73
3743,13,7,287,1,0,3.6,49.86,46.8,51.15,51.03,47.92,47.73,39.15
3744,13,7,288,1,0,3.6,46.8,51.15,51.03,47.92,47.73,39.15,51.7
5256,19,6,72,1,0.05,3.6,57.11,64.66,61.13,51.3,61.35,71.39,53.75
5257,19,6,73,1,0,3.6,64.66,61.13,51.3,61.35,71.39,53.75,51.4
5258,19,6,74,1,0,3.6,61.13,51.3,61.35,71.39,53.75,51.4,52.97
5259,19,6,75,1,0,3.6,51.3,61.35,71.39,53.75,51.4,52.97,54.53
5260,19,6,76,1,0,3.6,61.35,71.39,53.75,51.4,52.97,54.53,60.2
5261,19,6,77,1,0,3.6,71.39,53.75,51.4,52.97,54.53,60.2,43.06
5262,19,6,78,1,0,3.6,53.75,51.4,52.97,54.53,60.2,43.06,55.25
5263,19,6,79,1,0,3.6,51.4,52.97,54.53,60.2,43.06,55.25,55.96
5264,19,6,80,1,0,3.6,52.97,54.53,60.2,43.06,55.25,55.96,63.73
5265,19,6,81,1,0,3.6,54.53,60.2,43.06,55.25,55.96,63.73,51.44
5266,19,6,82,1,0,3.6,60.2,43.06,55.25,55.96,63.73,51.44,56.83
5267,19,6,83,1,0,3.6,43.06,55.25,55.96,63.73,51.44,56.83,45.59
5268,19,6,84,1,0,3.6,55.25,55.96,63.73,51.44,56.83,45.59,55.76
5269,19,6,85,1,0,3.6,55.96,63.73,51.44,56.83,45.59,55.76,53.76
5270,19,6,86,1,0,3.6,63.73,51.44,56.83,45.59,55.76,53.76,50.09
5271,19,6,87,1,0,3.6,51.44,56.83,45.59,55.76,53.76,50.09,51.32
5272,19,6,88,1,0,3.6,56.83,45.59,55.76,53.76,50.09,51.32,47.12
5273,19,6,89,1,0,3.6,45.59,55.76,53.76,50.09,51.32,47.12,49.8
5274,19,6,90,1,0,3.6,55.76,53.76,50.09,51.32,47.12,49.8,47.12
5275,19,6,91,1,0,3.6,53.76,50.09,51.32,47.12,49.8,47.12,46.03
5276,19,6,92,1,0,3.6,50.09,51.32,47.12,49.8,47.12,46.03,35.74
5277,19,6,93,1,0,3.6,51.32,47.12,49.8,47.12,46.03,35.74,48.61
5278,19,6,94,1,0,3.6,47.12,49.8,47.12,46.03,35.74,48.61,42.57
5279,19,6,95,1,0,3.6,49.8,47.12,46.03,35.74,48.61,42.57,47.17
5280,19,6,96,1,0,3.6,47.12,46.03,35.74,48.61,42.57,47.17,50.98
5281,19,6,97,1,0,3.6,46.03,35.74,48.61,42.57,47.17,50.98,48.12
5282,19,6,98,1,0,3.6,35.74,48.61,42.57,47.17,50.98,48.12,43.99
5283,19,6,99,1,0,3.6,48.61,42.57,47.17,50.98,48.12,43.99,45.25
5284,19,6,100,1,0,3.6,42.57,47.17,50.98,48.12,43.99,45.25,43.43
5285,19,6,101,1,0,3.6,47.17,50.98,48.12,43.99,45.25,43.43,43.86
5286,19,6,102,1,0,3.6,50.98,48.12,43.99,45.25,43.43,43.86,42.07
5287,19,6,103,1,0,3.6,48.12,43.99,45.25,43.43,43.86,42.07,35.58
5288,19,6,104,1,0,3.6,43.99,45.25,43.43,43.86,42.07,35.58,42.75
5289,19,6,105,1,0,3.6,45.25,43.43,43.86,42.07,35.58,42.75,47.22
5290,19,6,106,1,0,3.6,43.43,43.86,42.07,35.58,42.75,47.22,41.58
5291,19,6,107,1,0,3.6,43.86,42.07,35.58,42.75,47.22,41.58,43.06
5292,19,6,108,1,0,3.6,42.07,35.58,42.75,47.22,41.58,43.06,44.98
5293,19,6,109,1,0,3.6,35.58,42.75,47.22,41.58,43.06,44.98,33.19
5294,19,6,110,1,0,3.6,42.75,47.22,41.58,43.06,44.98,33.19,25.42
5295,19,6,111,1,0,3.6,47.22,41.58,43.06,44.98,33.19,25.42,25.49
5296,19,6,112,1,0,3.6,41.58,43.06,44.98,33.19,25.42,25.49,31.78
5297,19,6,113,1,0,3.6,43.06,44.98,33.19,25.42,25.49,31.78,22.56
5298,19,6,114,1,0,3.6,44.98,33.19,25.42,25.49,31.78,22.56,33.29
5299,19,6,115,1,0,3.6,33.19,25.42,25.49,31.78,22.56,33.29,19.96
5300,19,6,116,1,0,3.6,25.42,25.49,31.78,22.56,33.29,19.96,22.55
5301,19,6,117,1,0,3.6,25.49,31.78,22.56,33.29,19.96,22.55,23.16
5302,19,6,118,1,0,3.6,31.78,22.56,33.29,19.96,22.55,23.16,28.36
5303,19,6,119,1,0,3.6,22.56,33.29,19.96,22.55,23.16,28.36,12.41
5304,19,6,120,1,0,3.6,33.29,19.96,22.55,23.16,28.36,12.41,8.89
5305,19,6,121,1,0,3.6,19.96,22.55,23.16,28.36,12.41,8.89,13.35
5306,19,6,122,1,0,3.6,22.55,23.16,28.36,12.41,8.89,13.35,23.09
5307,19,6,123,1,0,3.6,23.16,28.36,12.41,8.89,13.35,23.09,35.34
5308,19,6,124,1,0,3.6,28.36,12.41,8.89,13.35,23.09,35.34,42.94
5309,19,6,125,1,0,3.6,12.41,8.89,13.35,23.09,35.34,42.94,49.57
5310,19,6,126,1,0,3.6,8.89,13.35,23.09,35.34,42.94,49.57,38.18
5311,19,6,127,1,0,3.6,13.35,23.09,35.34,42.94,49.57,38.18,42.63
5312,19,6,128,1,0,3.6,23.09,35.34,42.94,49.57,38.18,42.63,46.49
5313,19,6,129,1,0,3.6,35.34,42.94,49.57,38.18,42.63,46.49,42.82
5314,19,6,130,1,0,3.6,42.94,49.57,38.18,42.63,46.49,42.82,42.63
5315,19,6,131,1,0,3.6,49.57,38.18,42.63,46.49,42.82,42.63,33.13
5316,19,6,132,1,0,3.6,38.18,42.63,46.49,42.82,42.63,33.13,22.23
5317,19,6,133,1,0,3.6,42.63,46.49,42.82,42.63,33.13,22.23,17.7
5318,19,6,134,1,0,3.6,46.49,42.82,42.63,33.13,22.23,17.7,23.94
5319,19,6,135,1,0,3.6,42.82,42.63,33.13,22.23,17.7,23.94,33.62
5320,19,6,136,1,0,3.6,42.63,33.13,22.23,17.7,23.94,33.62,39.68
5321,19,6,137,1,0,3.6,33.13,22.23,17.7,23.94,33.62,39.68,42.09
5322,19,6,138,1,0,3.6,22.23,17.7,23.94,33.62,39.68,42.09,39.21
5323,19,6,139,1,0,3.6,17.7,23.94,33.62,39.68,42.09,39.21,39.19
5324,19,6,140,1,0,3.6,23.94,33.62,39.68,42.09,39.21,39.19,42.09
5325,19,6,141,1,0,3.6,33.62,39.68,42.09,39.21,39.19,42.09,44.65
5326,19,6,142,1,0,3.6,39.68,42.09,39.21,39.19,42.09,44.65,35.93
5327,19,6,143,1,0,3.6,42.09,39.21,39.19,42.09,44.65,35.93,40.06
5328,19,6,144,1,0,3.6,39.21,39.19,42.09,44.65,35.93,40.06,38.54
5329,19,6,145,1,0,3.6,39.19,42.09,44.65,35.93,40.06,38.54,39.02
5330,19,6,146,1,0,3.6,42.09,44.65,35.93,40.06,38.54,39.02,45.96
5331,19,6,147,1,0,3.6,44.65,35.93,40.06,38.54,39.02,45.96,47.55
5332,19,6,148,1,0,3.6,35.93,40.06,38.54,39.02,45.96,47.55,44.69
5333,19,6,149,1,0,3.6,40.06,38.54,39.02,45.96,47.55,44.69,47.71
5334,19,6,150,1,0,3.6,38.54,39.02,45.96,47.55,44.69,47.71,41.97
5335,19,6,151,1,0,3.6,39.02,45.96,47.55,44.69,47.71,41.97,48.49
5336,19,6,152,1,0,3.6,45.96,47.55,44.69,47.71,41.97,48.49,40.27
5337,19,6,153,1,0,3.6,47.55,44.69,47.71,41.97,48.49,40.27,45.02
5338,19,6,154,1,0,3.6,44.69,47.71,41.97,48.49,40.27,45.02,43.85
5339,19,6,155,1,0,3.6,47.71,41.97,48.49,40.27,45.02,43.85,43.8
5340,19,6,156,1,0,3.6,41.97,48.49,40.27,45.02,43.85,43.8,43.4
5341,19,6,157,1,0,3.6,48.49,40.27,45.02,43.85,43.8,43.4,47.01
5342,19,6,158,1,0,3.6,40.27,45.02,43.85,43.8,43.4,47.01,42.23
5343,19,6,159,1,0,3.6,45.02,43.85,43.8,43.4,47.01,42.23,46.29
5344,19,6,160,1,0,3.6,43.85,43.8,43.4,47.01,42.23,46.29,45.17
5345,19,6,161,1,0,3.6,43.8,43.4,47.01,42.23,46.29,45.17,40.96
5346,19,6,162,1,0,3.6,43.4,47.01,42.23,46.29,45.17,40.96,33.63
5347,19,6,163,1,0,3.6,47.01,42.23,46.29,45.17,40.96,33.63,40.98
5348,19,6,164,1,0,3.6,42.23,46.29,45.17,40.96,33.63,40.98,40.77
5349,19,6,165,1,0,3.6,46.29,45.17,40.96,33.63,40.98,40.77,32.55
5350,19,6,166,1,0,3.6,45.17,40.96,33.63,40.98,40.77,32.55,17.46
5351,19,6,167,1,0,3.6,40.96,33.63,40.98,40.77,32.55,17.46,14.41
5352,19,6,168,1,0,3.6,33.63,40.98,40.77,32.55,17.46,14.41,9.4
5353,19,6,169,1,0,3.6,40.98,40.77,32.55,17.46,14.41,9.4,13.19
5354,19,6,170,1,0,3.6,40.77,32.55,17.46,14.41,9.4,13.19,11.88
5355,19,6,171,1,0,3.6,32.55,17.46,14.41,9.4,13.19,11.88,8.21
5356,19,6,172,1,0,3.6,17.46,14.41,9.4,13.19,11.88,8.21,12.79
5357,19,6,173,1,0,3.6,14.41,9.4,13.19,11.88,8.21,12.79,11.88
5358,19,6,174,1,0,3.6,9.4,13.19,11.88,8.21,12.79,11.88,12.54
5359,19,6,175,1,0,3.6,13.19,11.88,8.21,12.79,11.88,12.54,32.39
5360,19,6,176,1,0,3.6,11.88,8.21,12.79,11.88,12.54,32.39,21.8
5361,19,6,177,1,0,3.6,8.21,12.79,11.88,12.54,32.39,21.8,21.11
5362,19,6,178,1,0,3.6,12.79,11.88,12.54,32.39,21.8,21.11,19.41
5363,19,6,179,1,0,3.6,11.88,12.54,32.39,21.8,21.11,19.41,18.11
5364,19,6,180,1,0,3.6,12.54,32.39,21.8,21.11,19.41,18.11,17.14
5365,19,6,181,1,0,3.6,32.39,21.8,21.11,19.41,18.11,17.14,31.97
5366,19,6,182,1,0,3.6,21.8,21.11,19.41,18.11,17.14,31.97,35.65
5367,19,6,183,1,0,3.6,21.11,19.41,18.11,17.14,31.97,35.65,28.26
5368,19,6,184,1,0,3.6,19.41,18.11,17.14,31.97,35.65,28.26,32.13
5369,19,6,185,1,0,3.6,18.11,17.14,31.97,35.65,28.26,32.13,33
5370,19,6,186,1,0,3.6,17.14,31.97,35.65,28.26,32.13,33,31.68
5371,19,6,187,1,0,3.6,31.97,35.65,28.26,32.13,33,31.68,39.83
5372,19,6,188,1,0,3.6,35.65,28.26,32.13,33,31.68,39.83,39.12
5373,19,6,189,1,0,3.6,28.26,32.13,33,31.68,39.83,39.12,32.04
5374,19,6,190,1,0,3.6,32.13,33,31.68,39.83,39.12,32.04,34.46
5375,19,6,191,1,0,3.6,33,31.68,39.83,39.12,32.04,34.46,26.41
5376,19,6,192,1,0,3.6,31.68,39.83,39.12,32.04,34.46,26.41,42.45
5377,19,6,193,1,0,3.6,39.83,39.12,32.04,34.46,26.41,42.45,47.47
5378,19,6,194,1,0,3.6,39.12,32.04,34.46,26.41,42.45,47.47,45.95
5379,19,6,195,1,0,3.6,32.04,34.46,26.41,42.45,47.47,45.95,47.19
5380,19,6,196,1,0,3.6,34.46,26.41,42.45,47.47,45.95,47.19,45.7
5381,19,6,197,1,0,3.6,26.41,42.45,47.47,45.95,47.19,45.7,47.89
5382,19,6,198,1,0,3.6,42.45,47.47,45.95,47.19,45.7,47.89,43.56
5383,19,6,199,1,0,3.6,47.47,45.95,47.19,45.7,47.89,43.56,41.46
5384,19,6,200,1,0,3.6,45.95,47.19,45.7,47.89,43.56,41.46,40.88
5385,19,6,201,1,0,3.6,47.19,45.7,47.89,43.56,41.46,40.88,38.32
5386,19,6,202,1,0,3.6,45.7,47.89,43.56,41.46,40.88,38.32,40.66
5387,19,6,203,1,0,3.6,47.89,43.56,41.46,40.88,38.32,40.66,45.03
5388,19,6,204,1,0,3.6,43.56,41.46,40.88,38.32,40.66,45.03,46.77
5389,19,6,205,1,0,3.6,41.46,40.88,38.32,40.66,45.03,46.77,45
5390,19,6,206,1,0,3.6,40.88,38.32,40.66,45.03,46.77,45,42.89
5391,19,6,207,1,0,3.6,38.32,40.66,45.03,46.77,45,42.89,38.35
5392,19,6,208,1,0,3.6,40.66,45.03,46.77,45,42.89,38.35,33
5393,19,6,209,1,0,3.6,45.03,46.77,45,42.89,38.35,33,28.82
5394,19,6,210,1,0,3.6,46.77,45,42.89,38.35,33,28.82,38.06
5395,19,6,211,1,0,3.6,45,42.89,38.35,33,28.82,38.06,36.54
5396,19,6,212,1,0,3.6,42.89,38.35,33,28.82,38.06,36.54,35.56
5397,19,6,213,1,0,3.6,38.35,33,28.82,38.06,36.54,35.56,35.82
5398,19,6,214,1,0,3.6,33,28.82,38.06,36.54,35.56,35.82,40.35
5399,19,6,215,1,0,3.6,28.82,38.06,36.54,35.56,35.82,40.35,43.39
5400,19,6,216,1,0,3.6,38.06,36.54,35.56,35.82,40.35,43.39,43.59
5401,19,6,217,1,0,3.6,36.54,35.56,35.82,40.35,43.39,43.59,36.37
5402,19,6,218,1,0,3.6,35.56,35.82,40.35,43.39,43.59,36.37,39.48
5403,19,6,219,1,0,3.6,35.82,40.35,43.39,43.59,36.37,39.48,24.52
5404,19,6,220,1,0,3.6,40.35,43.39,43.59,36.37,39.48,24.52,7.59
5405,19,6,221,1,0,3.6,43.39,43.59,36.37,39.48,24.52,7.59,12.35
5406,19,6,222,1,0,3.6,43.59,36.37,39.48,24.52,7.59,12.35,22.59
5407,19,6,223,1,0,3.6,36.37,39.48,24.52,7.59,12.35,22.59,11.71
5408,19,6,224,1,0,3.6,39.48,24.52,7.59,12.35,22.59,11.71,17.37
5409,19,6,225,1,0,3.6,24.52,7.59,12.35,22.59,11.71,17.37,11.83
5410,19,6,226,1,0,3.6,7.59,12.35,22.59,11.71,17.37,11.83,9.78
5411,19,6,227,1,0,3.6,12.35,22.59,11.71,17.37,11.83,9.78,11.77
5412,19,6,228,1,0,3.6,22.59,11.71,17.37,11.83,9.78,11.77,20.4
5413,19,6,229,1,0,3.6,11.71,17.37,11.83,9.78,11.77,20.4,39.33
5414,19,6,230,1,0,3.6,17.37,11.83,9.78,11.77,20.4,39.33,42.7
5415,19,6,231,1,0,3.6,11.83,9.78,11.77,20.4,39.33,42.7,37.24
5416,19,6,232,1,0,3.6,9.78,11.77,20.4,39.33,42.7,37.24,34.28
5417,19,6,233,1,0,3.6,11.77,20.4,39.33,42.7,37.24,34.28,37.41
5418,19,6,234,1,0,3.6,20.4,39.33,42.7,37.24,34.28,37.41,34.31
5419,19,6,235,1,0,3.6,39.33,42.7,37.24,34.28,37.41,34.31,37.57
5420,19,6,236,1,0,3.6,42.7,37.24,34.28,37.41,34.31,37.57,41.15
5421,19,6,237,1,0,3.6,37.24,34.28,37.41,34.31,37.57,41.15,48.32
5422,19,6,238,1,0,3.6,34.28,37.41,34.31,37.57,41.15,48.32,46.14
5423,19,6,239,1,0,3.6,37.41,34.31,37.57,41.15,48.32,46.14,46.78
5424,19,6,240,1,0,3.6,34.31,37.57,41.15,48.32,46.14,46.78,38.81
5425,19,6,241,1,0,3.6,37.57,41.15,48.32,46.14,46.78,38.81,42.4
5426,19,6,242,1,0,3.6,41.15,48.32,46.14,46.78,38.81,42.4,42.88
5427,19,6,243,1,0,3.6,48.32,46.14,46.78,38.81,42.4,42.88,47.82
5428,19,6,244,1,0,3.6,46.14,46.78,38.81,42.4,42.88,47.82,44.84
5429,19,6,245,1,0,3.6,46.78,38.81,42.4,42.88,47.82,44.84,47.77
5430,19,6,246,1,0,3.6,38.81,42.4,42.88,47.82,44.84,47.77,39.91
5431,19,6,247,1,0,3.6,42.4,42.88,47.82,44.84,47.77,39.91,42.24
5432,19,6,248,1,0,3.6,42.88,47.82,44.84,47.77,39.91,42.24,44.76
5433,19,6,249,1,0,3.6,47.82,44.84,47.77,39.91,42.24,44.76,42.13
5434,19,6,250,1,0,3.6,44.84,47.77,39.91,42.24,44.76,42.13,44.99
5435,19,6,251,1,0,3.6,47.77,39.91,42.24,44.76,42.13,44.99,43.99
5436,19,6,252,1,0,3.6,39.91,42.24,44.76,42.13,44.99,43.99,39.92
5437,19,6,253,1,0,3.6,42.24,44.76,42.13,44.99,43.99,39.92,43.91
5438,19,6,254,1,0,3.6,44.76,42.13,44.99,43.99,39.92,43.91,44.46
5439,19,6,255,1,0,3.6,42.13,44.99,43.99,39.92,43.91,44.46,42.31
5440,19,6,256,1,0,3.6,44.99,43.99,39.92,43.91,44.46,42.31,42.18
5441,19,6,257,1,0,3.6,43.99,39.92,43.91,44.46,42.31,42.18,45.91
5442,19,6,258,1,0,3.6,39.92,43.91,44.46,42.31,42.18,45.91,46.57
5443,19,6,259,1,0,3.6,43.91,44.46,42.31,42.18,45.91,46.57,44.17
5444,19,6,260,1,0,3.6,44.46,42.31,42.18,45.91,46.57,44.17,48.19
5445,19,6,261,1,0,3.6,42.31,42.18,45.91,46.57,44.17,48.19,47.12
5446,19,6,262,1,0,3.6,42.18,45.91,46.57,44.17,48.19,47.12,45.51
5447,19,6,263,1,0,3.6,45.91,46.57,44.17,48.19,47.12,45.51,43.83
5448,19,6,264,1,0,3.6,46.57,44.17,48.19,47.12,45.51,43.83,51.9
5449,19,6,265,1,0,3.6,44.17,48.19,47.12,45.51,43.83,51.9,48.8
5450,19,6,266,1,0,3.6,48.19,47.12,45.51,43.83,51.9,48.8,48.12
5451,19,6,267,1,0,3.6,47.12,45.51,43.83,51.9,48.8,48.12,44.12
5452,19,6,268,1,0,3.6,45.51,43.83,51.9,48.8,48.12,44.12,47.17
5453,19,6,269,1,0,3.6,43.83,51.9,48.8,48.12,44.12,47.17,47.66
5454,19,6,270,1,0,3.6,51.9,48.8,48.12,44.12,47.17,47.66,48.07
5455,19,6,271,1,0,3.6,48.8,48.12,44.12,47.17,47.66,48.07,48.87
5456,19,6,272,1,0,3.6,48.12,44.12,47.17,47.66,48.07,48.87,51.81
5457,19,6,273,1,0,3.6,44.12,47.17,47.66,48.07,48.87,51.81,46.85
5458,19,6,274,1,0,3.6,47.17,47.66,48.07,48.87,51.81,46.85,48.79
5459,19,6,275,1,0,3.6,47.66,48.07,48.87,51.81,46.85,48.79,48.64
5460,19,6,276,1,0,3.6,48.07,48.87,51.81,46.85,48.79,48.64,48.91
5461,19,6,277,1,0,3.6,48.87,51.81,46.85,48.79,48.64,48.91,49.19
5462,19,6,278,1,0,3.6,51.81,46.85,48.79,48.64,48.91,49.19,47.31
5463,19,6,279,1,0,3.6,46.85,48.79,48.64,48.91,49.19,47.31,53.27
5464,19,6,280,1,0,3.6,48.79,48.64,48.91,49.19,47.31,53.27,46.2
5465,19,6,281,1,0,3.6,48.64,48.91,49.19,47.31,53.27,46.2,53.42
5466,19,6,282,1,0,3.6,48.91,49.19,47.31,53.27,46.2,53.42,50.25
5467,19,6,283,1,0,3.6,49.19,47.31,53.27,46.2,53.42,50.25,50.07
5468,19,6,284,1,0,3.6,47.31,53.27,46.2,53.42,50.25,50.07,54.6
5469,19,6,285,1,0,3.6,53.27,46.2,53.42,50.25,50.07,54.6,49.8
5470,19,6,286,1,0,3.6,46.2,53.42,50.25,50.07,54.6,49.8,46.8
5471,19,6,287,1,0,3.6,53.42,50.25,50.07,54.6,49.8,46.8,46.59
5472,19,6,288,1,0,3.6,50.25,50.07,54.6,49.8,46.8,46.59,53.61
5544,20,7,72,1,0,3.6,66.03,60.62,55.2,60.44,50.35,51.64,52.92
5545,20,7,73,1,0,3.6,60.62,55.2,60.44,50.35,51.64,52.92,50.86
5546,20,7,74,1,0,3.6,55.2,60.44,50.35,51.64,52.92,50.86,47.53
5547,20,7,75,1,0,3.6,60.44,50.35,51.64,52.92,50.86,47.53,51.53
5548,20,7,76,1,0,3.6,50.35,51.64,52.92,50.86,47.53,51.53,55.53
5549,20,7,77,1,0,3.6,51.64,52.92,50.86,47.53,51.53,55.53,74.39
5550,20,7,78,1,0,3.6,52.92,50.86,47.53,51.53,55.53,74.39,52.8
5551,20,7,79,1,0,3.6,50.86,47.53,51.53,55.53,74.39,52.8,53.94
5552,20,7,80,1,0,3.6,47.53,51.53,55.53,74.39,52.8,53.94,62.99
5553,20,7,81,1,0,3.6,51.53,55.53,74.39,52.8,53.94,62.99,69.15
5554,20,7,82,1,0,3.6,55.53,74.39,52.8,53.94,62.99,69.15,55.91
5555,20,7,83,1,0,3.6,74.39,52.8,53.94,62.99,69.15,55.91,50.25
5556,20,7,84,1,0,3.6,52.8,53.94,62.99,69.15,55.91,50.25,51.44
5557,20,7,85,1,0,3.6,53.94,62.99,69.15,55.91,50.25,51.44,52.97
5558,20,7,86,1,0,3.6,62.99,69.15,55.91,50.25,51.44,52.97,45.45
5559,20,7,87,1,0,3.6,69.15,55.91,50.25,51.44,52.97,45.45,57
5560,20,7,88,1,0,3.6,55.91,50.25,51.44,52.97,45.45,57,47.02
5561,20,7,89,1,0,3.6,50.25,51.44,52.97,45.45,57,47.02,48.1
5562,20,7,90,1,0,3.6,51.44,52.97,45.45,57,47.02,48.1,52.44
5563,20,7,91,1,0,3.6,52.97,45.45,57,47.02,48.1,52.44,53.8
5564,20,7,92,1,0,3.6,45.45,57,47.02,48.1,52.44,53.8,50.74
5565,20,7,93,1,0,3.6,57,47.02,48.1,52.44,53.8,50.74,50.19
5566,20,7,94,1,0,3.6,47.02,48.1,52.44,53.8,50.74,50.19,48.7
5567,20,7,95,1,0,3.6,48.1,52.44,53.8,50.74,50.19,48.7,49.78
5568,20,7,96,1,0,3.6,52.44,53.8,50.74,50.19,48.7,49.78,54.33
5569,20,7,97,1,0,3.6,53.8,50.74,50.19,48.7,49.78,54.33,53.13
5570,20,7,98,1,0,3.6,50.74,50.19,48.7,49.78,54.33,53.13,46
5571,20,7,99,1,0,3.6,50.19,48.7,49.78,54.33,53.13,46,49.04
5572,20,7,100,1,0,3.6,48.7,49.78,54.33,53.13,46,49.04,50.9
5573,20,7,101,1,0,3.6,49.78,54.33,53.13,46,49.04,50.9,48.16
5574,20,7,102,1,0,3.6,54.33,53.13,46,49.04,50.9,48.16,46.7
5575,20,7,103,1,0,3.6,53.13,46,49.04,50.9,48.16,46.7,38.44
5576,20,7,104,1,0,3.6,46,49.04,50.9,48.16,46.7,38.44,41.75
5577,20,7,105,1,0,3.6,49.04,50.9,48.16,46.7,38.44,41.75,45.67
5578,20,7,106,1,0,3.6,50.9,48.16,46.7,38.44,41.75,45.67,46.22
5579,20,7,107,1,0,3.6,48.16,46.7,38.44,41.75,45.67,46.22,43.14
5580,20,7,108,1,0,3.6,46.7,38.44,41.75,45.67,46.22,43.14,43.1
5581,20,7,109,1,0,3.6,38.44,41.75,45.67,46.22,43.14,43.1,46.01
5582,20,7,110,1,0,3.6,41.75,45.67,46.22,43.14,43.1,46.01,45.28
5583,20,7,111,1,0,3.6,45.67,46.22,43.14,43.1,46.01,45.28,42.95
5584,20,7,112,1,0,3.6,46.22,43.14,43.1,46.01,45.28,42.95,41.76
5585,20,7,113,1,0,3.6,43.14,43.1,46.01,45.28,42.95,41.76,47.54
5586,20,7,114,1,0,3.6,43.1,46.01,45.28,42.95,41.76,47.54,46.78
5587,20,7,115,1,0,3.6,46.01,45.28,42.95,41.76,47.54,46.78,42.86
5588,20,7,116,1,0,3.6,45.28,42.95,41.76,47.54,46.78,42.86,43.11
5589,20,7,117,1,0,3.6,42.95,41.76,47.54,46.78,42.86,43.11,42.91
5590,20,7,118,1,0,3.6,41.76,47.54,46.78,42.86,43.11,42.91,42.85
5591,20,7,119,1,0,3.6,47.54,46.78,42.86,43.11,42.91,42.85,48.44
5592,20,7,120,1,0,3.6,46.78,42.86,43.11,42.91,42.85,48.44,45.15
5593,20,7,121,1,0,3.6,42.86,43.11,42.91,42.85,48.44,45.15,40.25
5594,20,7,122,1,0,3.6,43.11,42.91,42.85,48.44,45.15,40.25,41.36
5595,20,7,123,1,0,3.6,42.91,42.85,48.44,45.15,40.25,41.36,38.73
5596,20,7,124,1,0,3.6,42.85,48.44,45.15,40.25,41.36,38.73,27.94
5597,20,7,125,1,0,3.6,48.44,45.15,40.25,41.36,38.73,27.94,20.82
5598,20,7,126,1,0,3.6,45.15,40.25,41.36,38.73,27.94,20.82,30.05
5599,20,7,127,1,0,3.6,40.25,41.36,38.73,27.94,20.82,30.05,33.06
5600,20,7,128,1,0,3.6,41.36,38.73,27.94,20.82,30.05,33.06,32.29
5601,20,7,129,1,0,3.6,38.73,27.94,20.82,30.05,33.06,32.29,36.96
5602,20,7,130,1,0,3.6,27.94,20.82,30.05,33.06,32.29,36.96,28.19
5603,20,7,131,1,0,3.6,20.82,30.05,33.06,32.29,36.96,28.19,31.63
5604,20,7,132,1,0,3.6,30.05,33.06,32.29,36.96,28.19,31.63,42.5
5605,20,7,133,1,0,3.6,33.06,32.29,36.96,28.19,31.63,42.5,43.11
5606,20,7,134,1,0,3.6,32.29,36.96,28.19,31.63,42.5,43.11,43.67
5607,20,7,135,1,0,3.6,36.96,28.19,31.63,42.5,43.11,43.67,46.46
5608,20,7,136,1,0,3.6,28.19,31.63,42.5,43.11,43.67,46.46,42.73
5609,20,7,137,1,0,3.6,31.63,42.5,43.11,43.67,46.46,42.73,48.84
5610,20,7,138,1,0,3.6,42.5,43.11,43.67,46.46,42.73,48.84,37.59
5611,20,7,139,1,0,3.6,43.11,43.67,46.46,42.73,48.84,37.59,26.32
5612,20,7,140,1,0,3.6,43.67,46.46,42.73,48.84,37.59,26.32,35.23
5613,20,7,141,1,0,3.6,46.46,42.73,48.84,37.59,26.32,35.23,50.11
5614,20,7,142,1,0,3.6,42.73,48.84,37.59,26.32,35.23,50.11,43.23
5615,20,7,143,1,0,3.6,48.84,37.59,26.32,35.23,50.11,43.23,39.71
5616,20,7,144,1,0,3.6,37.59,26.32,35.23,50.11,43.23,39.71,44.11
5617,20,7,145,1,0,3.6,26.32,35.23,50.11,43.23,39.71,44.11,45.12
5618,20,7,146,1,0,3.6,35.23,50.11,43.23,39.71,44.11,45.12,46.85
5619,20,7,147,1,0,3.6,50.11,43.23,39.71,44.11,45.12,46.85,49.43
5620,20,7,148,1,0,3.6,43.23,39.71,44.11,45.12,46.85,49.43,47.31
5621,20,7,149,1,0,3.6,39.71,44.11,45.12,46.85,49.43,47.31,44.96
5622,20,7,150,1,0,3.6,44.11,45.12,46.85,49.43,47.31,44.96,45.52
5623,20,7,151,1,0,3.6,45.12,46.85,49.43,47.31,44.96,45.52,46.99
5624,20,7,152,1,0,3.6,46.85,49.43,47.31,44.96,45.52,46.99,48.25
5625,20,7,153,1,0,3.6,49.43,47.31,44.96,45.52,46.99,48.25,48.48
5626,20,7,154,1,0,3.6,47.31,44.96,45.52,46.99,48.25,48.48,44.96
5627,20,7,155,1,0,3.6,44.96,45.52,46.99,48.25,48.48,44.96,51.4
5628,20,7,156,1,0,3.6,45.52,46.99,48.25,48.48,44.96,51.4,45.04
5629,20,7,157,1,0,3.6,46.99,48.25,48.48,44.96,51.4,45.04,45.05
5630,20,7,158,1,0,3.6,48.25,48.48,44.96,51.4,45.04,45.05,50.33
5631,20,7,159,1,0,3.6,48.48,44.96,51.4,45.04,45.05,50.33,45.83
5632,20,7,160,1,0,3.6,44.96,51.4,45.04,45.05,50.33,45.83,47.43
5633,20,7,161,1,0,3.6,51.4,45.04,45.05,50.33,45.83,47.43,43.43
5634,20,7,162,1,0,3.6,45.04,45.05,50.33,45.83,47.43,43.43,45.53
5635,20,7,163,1,0,3.6,45.05,50.33,45.83,47.43,43.43,45.53,45.3
5636,20,7,164,1,0,3.6,50.33,45.83,47.43,43.43,45.53,45.3,41.38
5637,20,7,165,1,0,3.6,45.83,47.43,43.43,45.53,45.3,41.38,35.2
5638,20,7,166,1,0,3.6,47.43,43.43,45.53,45.3,41.38,35.2,23.46
5639,20,7,167,1,0,3.6,43.43,45.53,45.3,41.38,35.2,23.46,24.42
5640,20,7,168,1,0,3.6,45.53,45.3,41.38,35.2,23.46,24.42,18.97
5641,20,7,169,1,0,3.6,45.3,41.38,35.2,23.46,24.42,18.97,21.25
5642,20,7,170,1,0,3.6,41.38,35.2,23.46,24.42,18.97,21.25,12.89
5643,20,7,171,1,0,3.6,35.2,23.46,24.42,18.97,21.25,12.89,11.8
5644,20,7,172,1,0,3.6,23.46,24.42,18.97,21.25,12.89,11.8,9.82
5645,20,7,173,1,0,3.6,24.42,18.97,21.25,12.89,11.8,9.82,10.9
5646,20,7,174,1,0,3.6,18.97,21.25,12.89,11.8,9.82,10.9,7.25
5647,20,7,175,1,0,3.6,21.25,12.89,11.8,9.82,10.9,7.25,11.31
5648,20,7,176,1,0,3.6,12.89,11.8,9.82,10.9,7.25,11.31,11.21
5649,20,7,177,1,0,3.6,11.8,9.82,10.9,7.25,11.31,11.21,14.54
5650,20,7,178,1,0,3.6,9.82,10.9,7.25,11.31,11.21,14.54,22.51
5651,20,7,179,1,0,3.6,10.9,7.25,11.31,11.21,14.54,22.51,14.36
5652,20,7,180,1,0,3.6,7.25,11.31,11.21,14.54,22.51,14.36,22.55
5653,20,7,181,1,0,3.6,11.31,11.21,14.54,22.51,14.36,22.55,34.18
5654,20,7,182,1,0,3.6,11.21,14.54,22.51,14.36,22.55,34.18,30.84
5655,20,7,183,1,0,3.6,14.54,22.51,14.36,22.55,34.18,30.84,21.73
5656,20,7,184,1,0,3.6,22.51,14.36,22.55,34.18,30.84,21.73,27.39
5657,20,7,185,1,0,3.6,14.36,22.55,34.18,30.84,21.73,27.39,14.88
5658,20,7,186,1,0,3.6,22.55,34.18,30.84,21.73,27.39,14.88,38.28
5659,20,7,187,1,0,3.6,34.18,30.84,21.73,27.39,14.88,38.28,44.66
5660,20,7,188,1,0,3.6,30.84,21.73,27.39,14.88,38.28,44.66,26.33
5661,20,7,189,1,0,3.6,21.73,27.39,14.88,38.28,44.66,26.33,28.96
5662,20,7,190,1,0,3.6,27.39,14.88,38.28,44.66,26.33,28.96,32.98
5663,20,7,191,1,0,3.6,14.88,38.28,44.66,26.33,28.96,32.98,22.45
5664,20,7,192,1,0,3.6,38.28,44.66,26.33,28.96,32.98,22.45,24.98
5665,20,7,193,1,0,3.6,44.66,26.33,28.96,32.98,22.45,24.98,26.8
5666,20,7,194,1,0,3.6,26.33,28.96,32.98,22.45,24.98,26.8,44.43
5667,20,7,195,1,0,3.6,28.96,32.98,22.45,24.98,26.8,44.43,38.12
5668,20,7,196,1,0,3.6,32.98,22.45,24.98,26.8,44.43,38.12,31.15
5669,20,7,197,1,0,3.6,22.45,24.98,26.8,44.43,38.12,31.15,26.68
5670,20,7,198,1,0,3.6,24.98,26.8,44.43,38.12,31.15,26.68,32.08
5671,20,7,199,1,0,3.6,26.8,44.43,38.12,31.15,26.68,32.08,32.96
5672,20,7,200,1,0,3.6,44.43,38.12,31.15,26.68,32.08,32.96,35.64
5673,20,7,201,1,0,3.6,38.12,31.15,26.68,32.08,32.96,35.64,45.91
5674,20,7,202,1,0,3.6,31.15,26.68,32.08,32.96,35.64,45.91,42.22
5675,20,7,203,1,0,3.6,26.68,32.08,32.96,35.64,45.91,42.22,46.2
5676,20,7,204,1,0,3.6,32.08,32.96,35.64,45.91,42.22,46.2,43.25
5677,20,7,205,1,0,3.6,32.96,35.64,45.91,42.22,46.2,43.25,39.86
5678,20,7,206,1,0,3.6,35.64,45.91,42.22,46.2,43.25,39.86,44.92
5679,20,7,207,1,0,3.6,45.91,42.22,46.2,43.25,39.86,44.92,47.66
5680,20,7,208,1,0,3.6,42.22,46.2,43.25,39.86,44.92,47.66,46.38
5681,20,7,209,1,0,3.6,46.2,43.25,39.86,44.92,47.66,46.38,40.17
5682,20,7,210,1,0,3.6,43.25,39.86,44.92,47.66,46.38,40.17,34.68
5683,20,7,211,1,0,3.6,39.86,44.92,47.66,46.38,40.17,34.68,38.68
5684,20,7,212,1,0,3.6,44.92,47.66,46.38,40.17,34.68,38.68,43.96
5685,20,7,213,1,0,3.6,47.66,46.38,40.17,34.68,38.68,43.96,40.65
5686,20,7,214,1,0,3.6,46.38,40.17,34.68,38.68,43.96,40.65,39.69
5687,20,7,215,1,0,3.6,40.17,34.68,38.68,43.96,40.65,39.69,49.99
5688,20,7,216,1,0,3.6,34.68,38.68,43.96,40.65,39.69,49.99,45.25
5689,20,7,217,1,0,3.6,38.68,43.96,40.65,39.69,49.99,45.25,45.88
5690,20,7,218,1,0,3.6,43.96,40.65,39.69,49.99,45.25,45.88,43.31
5691,20,7,219,1,0,3.6,40.65,39.69,49.99,45.25,45.88,43.31,47.58
5692,20,7,220,1,0,3.6,39.69,49.99,45.25,45.88,43.31,47.58,46.08
5693,20,7,221,1,0,3.6,49.99,45.25,45.88,43.31,47.58,46.08,46.4
5694,20,7,222,1,0,3.6,45.25,45.88,43.31,47.58,46.08,46.4,41.7
5695,20,7,223,1,0,3.6,45.88,43.31,47.58,46.08,46.4,41.7,30.86
5696,20,7,224,1,0,3.6,43.31,47.58,46.08,46.4,41.7,30.86,25.97
5697,20,7,225,1,0,3.6,47.58,46.08,46.4,41.7,30.86,25.97,35.24
5698,20,7,226,1,0,3.6,46.08,46.4,41.7,30.86,25.97,35.24,33.34
5699,20,7,227,1,0,3.6,46.4,41.7,30.86,25.97,35.24,33.34,36.82
5700,20,7,228,1,0,3.6,41.7,30.86,25.97,35.24,33.34,36.82,37.77
5701,20,7,229,1,0,3.6,30.86,25.97,35.24,33.34,36.82,37.77,32.51
5702,20,7,230,1,0,3.6,25.97,35.24,33.34,36.82,37.77,32.51,34.98
5703,20,7,231,1,0,3.6,35.24,33.34,36.82,37.77,32.51,34.98,41.46
5704,20,7,232,1,0,3.6,33.34,36.82,37.77,32.51,34.98,41.46,43.1
5705,20,7,233,1,0,3.6,36.82,37.77,32.51,34.98,41.46,43.1,43.63
5706,20,7,234,1,0,3.6,37.77,32.51,34.98,41.46,43.1,43.63,42.7
5707,20,7,235,1,0,3.6,32.51,34.98,41.46,43.1,43.63,42.7,46.2
5708,20,7,236,1,0,3.6,34.98,41.46,43.1,43.63,42.7,46.2,41.99
5709,20,7,237,1,0,3.6,41.46,43.1,43.63,42.7,46.2,41.99,39.15
5710,20,7,238,1,0,3.6,43.1,43.63,42.7,46.2,41.99,39.15,30.55
5711,20,7,239,1,0,3.6,43.63,42.7,46.2,41.99,39.15,30.55,30.76
5712,20,7,240,1,0,3.6,42.7,46.2,41.99,39.15,30.55,30.76,19.88
5713,20,7,241,1,0,3.6,46.2,41.99,39.15,30.55,30.76,19.88,9.1
5714,20,7,242,1,0,3.6,41.99,39.15,30.55,30.76,19.88,9.1,11.19
5715,20,7,243,1,0,3.6,39.15,30.55,30.76,19.88,9.1,11.19,12.55
5716,20,7,244,1,0,3.6,30.55,30.76,19.88,9.1,11.19,12.55,11
5717,20,7,245,1,0,3.6,30.76,19.88,9.1,11.19,12.55,11,15.91
5718,20,7,246,1,0,3.6,19.88,9.1,11.19,12.55,11,15.91,16.14
5719,20,7,247,1,0,3.6,9.1,11.19,12.55,11,15.91,16.14,26.39
5720,20,7,248,1,0,3.6,11.19,12.55,11,15.91,16.14,26.39,29.64
5721,20,7,249,1,0,3.6,12.55,11,15.91,16.14,26.39,29.64,40.18
5722,20,7,250,1,0,3.6,11,15.91,16.14,26.39,29.64,40.18,40.57
5723,20,7,251,1,0,3.6,15.91,16.14,26.39,29.64,40.18,40.57,31.65
5724,20,7,252,1,0,3.6,16.14,26.39,29.64,40.18,40.57,31.65,39.99
5725,20,7,253,1,0.05,3.6,26.39,29.64,40.18,40.57,31.65,39.99,36.92
5726,20,7,254,1,0.05,3.6,29.64,40.18,40.57,31.65,39.99,36.92,29.45
5727,20,7,255,1,0.05,3.6,40.18,40.57,31.65,39.99,36.92,29.45,43.9
5728,20,7,256,1,0.05,3.6,40.57,31.65,39.99,36.92,29.45,43.9,41.94
5729,20,7,257,1,0.05,3.6,31.65,39.99,36.92,29.45,43.9,41.94,44.51
5730,20,7,258,1,0.05,3.6,39.99,36.92,29.45,43.9,41.94,44.51,41.22
5731,20,7,259,1,0.05,3.6,36.92,29.45,43.9,41.94,44.51,41.22,40.03
5732,20,7,260,1,0.05,3.6,29.45,43.9,41.94,44.51,41.22,40.03,39.07
5733,20,7,261,1,0.05,3.6,43.9,41.94,44.51,41.22,40.03,39.07,43.83
5734,20,7,262,1,0.05,3.6,41.94,44.51,41.22,40.03,39.07,43.83,50.43
5735,20,7,263,1,0.05,3.6,44.51,41.22,40.03,39.07,43.83,50.43,42.88
5736,20,7,264,1,0.05,3.6,41.22,40.03,39.07,43.83,50.43,42.88,44.22
5737,20,7,265,1,0.05,3.6,40.03,39.07,43.83,50.43,42.88,44.22,43.41
5738,20,7,266,1,0.05,3.6,39.07,43.83,50.43,42.88,44.22,43.41,43.58
5739,20,7,267,1,0.05,3.6,43.83,50.43,42.88,44.22,43.41,43.58,42.94
5740,20,7,268,1,0.05,3.6,50.43,42.88,44.22,43.41,43.58,42.94,46.43
5741,20,7,269,1,0.05,3.6,42.88,44.22,43.41,43.58,42.94,46.43,40.47
5742,20,7,270,1,0.05,3.6,44.22,43.41,43.58,42.94,46.43,40.47,44.89
5743,20,7,271,1,0.05,3.6,43.41,43.58,42.94,46.43,40.47,44.89,46.75
5744,20,7,272,1,0.05,3.6,43.58,42.94,46.43,40.47,44.89,46.75,45.44
5745,20,7,273,1,0.05,3.6,42.94,46.43,40.47,44.89,46.75,45.44,43.92
5746,20,7,274,1,0.05,3.6,46.43,40.47,44.89,46.75,45.44,43.92,51.34
5747,20,7,275,1,0.05,3.6,40.47,44.89,46.75,45.44,43.92,51.34,47.63
5748,20,7,276,1,0.05,3.6,44.89,46.75,45.44,43.92,51.34,47.63,46.01
5749,20,7,277,1,0.05,3.6,46.75,45.44,43.92,51.34,47.63,46.01,46.11
5750,20,7,278,1,0.05,3.6,45.44,43.92,51.34,47.63,46.01,46.11,53.85
5751,20,7,279,1,0.05,3.6,43.92,51.34,47.63,46.01,46.11,53.85,49.13
5752,20,7,280,1,0.05,3.6,51.34,47.63,46.01,46.11,53.85,49.13,50.31
5753,20,7,281,1,0.05,3.6,47.63,46.01,46.11,53.85,49.13,50.31,51.84
5754,20,7,282,1,0.05,3.6,46.01,46.11,53.85,49.13,50.31,51.84,51.54
5755,20,7,283,1,0.05,3.6,46.11,53.85,49.13,50.31,51.84,51.54,47.82
5756,20,7,284,1,0.05,3.6,53.85,49.13,50.31,51.84,51.54,47.82,48.69
5757,20,7,285,1,0.05,3.6,49.13,50.31,51.84,51.54,47.82,48.69,45.29
5758,20,7,286,1,0.05,3.6,50.31,51.84,51.54,47.82,48.69,45.29,53.66
5759,20,7,287,1,0.05,3.6,51.84,51.54,47.82,48.69,45.29,53.66,52.32
5760,20,7,288,1,0.05,3.6,51.54,47.82,48.69,45.29,53.66,52.32,48.47
7272,26,6,72,1,0,7.2,33.44,53.4,65.39,52.05,48.53,54.59,54.36
7273,26,6,73,1,0,7.2,53.4,65.39,52.05,48.53,54.59,54.36,54.35
7274,26,6,74,1,0,7.2,65.39,52.05,48.53,54.59,54.36,54.35,54.34
7275,26,6,75,1,0,7.2,52.05,48.53,54.59,54.36,54.35,54.34,62.86
7276,26,6,76,1,0,7.2,48.53,54.59,54.36,54.35,54.34,62.86,63.89
7277,26,6,77,1,0,7.2,54.59,54.36,54.35,54.34,62.86,63.89,38.4
7278,26,6,78,1,0,7.2,54.36,54.35,54.34,62.86,63.89,38.4,60
7279,26,6,79,1,0,7.2,54.35,54.34,62.86,63.89,38.4,60,58.05
7280,26,6,80,1,0,7.2,54.34,62.86,63.89,38.4,60,58.05,50.45
7281,26,6,81,1,0,7.2,62.86,63.89,38.4,60,58.05,50.45,54.4
7282,26,6,82,1,0,7.2,63.89,38.4,60,58.05,50.45,54.4,48.29
7283,26,6,83,1,0,7.2,38.4,60,58.05,50.45,54.4,48.29,43.77
7284,26,6,84,1,0,7.2,60,58.05,50.45,54.4,48.29,43.77,52.8
7285,26,6,85,1,0,7.2,58.05,50.45,54.4,48.29,43.77,52.8,50.04
7286,26,6,86,1,0,7.2,50.45,54.4,48.29,43.77,52.8,50.04,52.73
7287,26,6,87,1,0,7.2,54.4,48.29,43.77,52.8,50.04,52.73,52.58
7288,26,6,88,1,0,7.2,48.29,43.77,52.8,50.04,52.73,52.58,56.49
7289,26,6,89,1,0,7.2,43.77,52.8,50.04,52.73,52.58,56.49,48.07
7290,26,6,90,1,0,7.2,52.8,50.04,52.73,52.58,56.49,48.07,46.62
7291,26,6,91,1,0,7.2,50.04,52.73,52.58,56.49,48.07,46.62,50.32
7292,26,6,92,1,0,7.2,52.73,52.58,56.49,48.07,46.62,50.32,41.72
7293,26,6,93,1,0,7.2,52.58,56.49,48.07,46.62,50.32,41.72,53.31
7294,26,6,94,1,0,7.2,56.49,48.07,46.62,50.32,41.72,53.31,47.38
7295,26,6,95,1,0,7.2,48.07,46.62,50.32,41.72,53.31,47.38,51.01
7296,26,6,96,1,0,7.2,46.62,50.32,41.72,53.31,47.38,51.01,51.18
7297,26,6,97,1,0,7.2,50.32,41.72,53.31,47.38,51.01,51.18,45.83
7298,26,6,98,1,0,7.2,41.72,53.31,47.38,51.01,51.18,45.83,41.89
7299,26,6,99,1,0,7.2,53.31,47.38,51.01,51.18,45.83,41.89,46.29
7300,26,6,100,1,0,7.2,47.38,51.01,51.18,45.83,41.89,46.29,45.52
7301,26,6,101,1,0,7.2,51.01,51.18,45.83,41.89,46.29,45.52,45.13
7302,26,6,102,1,0,7.2,51.18,45.83,41.89,46.29,45.52,45.13,51.11
7303,26,6,103,1,0,7.2,45.83,41.89,46.29,45.52,45.13,51.11,43.86
7304,26,6,104,1,0,7.2,41.89,46.29,45.52,45.13,51.11,43.86,38.57
7305,26,6,105,1,0,7.2,46.29,45.52,45.13,51.11,43.86,38.57,31.04
7306,26,6,106,1,0,7.2,45.52,45.13,51.11,43.86,38.57,31.04,24.43
7307,26,6,107,1,0,7.2,45.13,51.11,43.86,38.57,31.04,24.43,38.47
7308,26,6,108,1,0,7.2,51.11,43.86,38.57,31.04,24.43,38.47,36.81
7309,26,6,109,1,0,3.6,43.86,38.57,31.04,24.43,38.47,36.81,48.47
7310,26,6,110,1,0,3.6,38.57,31.04,24.43,38.47,36.81,48.47,41.94
7311,26,6,111,1,0,3.6,31.04,24.43,38.47,36.81,48.47,41.94,38.09
7312,26,6,112,1,0,3.6,24.43,38.47,36.81,48.47,41.94,38.09,30.21
7313,26,6,113,1,0,3.6,38.47,36.81,48.47,41.94,38.09,30.21,19.05
7314,26,6,114,1,0,3.6,36.81,48.47,41.94,38.09,30.21,19.05,11.18
7315,26,6,115,1,0,3.6,48.47,41.94,38.09,30.21,19.05,11.18,23.74
7316,26,6,116,1,0,3.6,41.94,38.09,30.21,19.05,11.18,23.74,15.09
7317,26,6,117,1,0,3.6,38.09,30.21,19.05,11.18,23.74,15.09,17.62
7318,26,6,118,1,0,3.6,30.21,19.05,11.18,23.74,15.09,17.62,17.08
7319,26,6,119,1,0,3.6,19.05,11.18,23.74,15.09,17.62,17.08,16.25
7320,26,6,120,1,0,3.6,11.18,23.74,15.09,17.62,17.08,16.25,13.13
7321,26,6,121,1,0,3.6,23.74,15.09,17.62,17.08,16.25,13.13,9.96
7322,26,6,122,1,0,3.6,15.09,17.62,17.08,16.25,13.13,9.96,9.18
7323,26,6,123,1,0,3.6,17.62,17.08,16.25,13.13,9.96,9.18,13.63
7324,26,6,124,1,0,3.6,17.08,16.25,13.13,9.96,9.18,13.63,21.94
7325,26,6,125,1,0,3.6,16.25,13.13,9.96,9.18,13.63,21.94,8.62
7326,26,6,126,1,0,3.6,13.13,9.96,9.18,13.63,21.94,8.62,8.18
7327,26,6,127,1,0,3.6,9.96,9.18,13.63,21.94,8.62,8.18,6.71
7328,26,6,128,1,0,3.6,9.18,13.63,21.94,8.62,8.18,6.71,9.1
7329,26,6,129,1,0,3.6,13.63,21.94,8.62,8.18,6.71,9.1,6.94
7330,26,6,130,1,0,3.6,21.94,8.62,8.18,6.71,9.1,6.94,9.95
7331,26,6,131,1,0,3.6,8.62,8.18,6.71,9.1,6.94,9.95,31.76
7332,26,6,132,1,0,3.6,8.18,6.71,9.1,6.94,9.95,31.76,32.45
7333,26,6,133,1,0,3.6,6.71,9.1,6.94,9.95,31.76,32.45,37.47
7334,26,6,134,1,0,3.6,9.1,6.94,9.95,31.76,32.45,37.47,24.13
7335,26,6,135,1,0,3.6,6.94,9.95,31.76,32.45,37.47,24.13,8.53
7336,26,6,136,1,0,3.6,9.95,31.76,32.45,37.47,24.13,8.53,10.89
7337,26,6,137,1,0,3.6,31.76,32.45,37.47,24.13,8.53,10.89,10.36
7338,26,6,138,1,0,3.6,32.45,37.47,24.13,8.53,10.89,10.36,6.18
7339,26,6,139,1,0,3.6,37.47,24.13,8.53,10.89,10.36,6.18,5.46
7340,26,6,140,1,0,3.6,24.13,8.53,10.89,10.36,6.18,5.46,6.39
7341,26,6,141,1,0,3.6,8.53,10.89,10.36,6.18,5.46,6.39,10.18
7342,26,6,142,1,0,3.6,10.89,10.36,6.18,5.46,6.39,10.18,8.67
7343,26,6,143,1,0,3.6,10.36,6.18,5.46,6.39,10.18,8.67,8.38
7344,26,6,144,1,0,3.6,6.18,5.46,6.39,10.18,8.67,8.38,8.65
7345,26,6,145,1,0,3.6,5.46,6.39,10.18,8.67,8.38,8.65,12.15
7346,26,6,146,1,0,3.6,6.39,10.18,8.67,8.38,8.65,12.15,13.14
7347,26,6,147,1,0,3.6,10.18,8.67,8.38,8.65,12.15,13.14,10.81
7348,26,6,148,1,0,3.6,8.67,8.38,8.65,12.15,13.14,10.81,17.27
7349,26,6,149,1,0,3.6,8.38,8.65,12.15,13.14,10.81,17.27,38.05
7350,26,6,150,1,0,3.6,8.65,12.15,13.14,10.81,17.27,38.05,44.48
7351,26,6,151,1,0,3.6,12.15,13.14,10.81,17.27,38.05,44.48,42.77
7352,26,6,152,1,0,3.6,13.14,10.81,17.27,38.05,44.48,42.77,45.61
7353,26,6,153,1,0,3.6,10.81,17.27,38.05,44.48,42.77,45.61,39.84
7354,26,6,154,1,0,3.6,17.27,38.05,44.48,42.77,45.61,39.84,39.81
7355,26,6,155,1,0,3.6,38.05,44.48,42.77,45.61,39.84,39.81,35.06
7356,26,6,156,1,0,3.6,44.48,42.77,45.61,39.84,39.81,35.06,32.78
7357,26,6,157,1,0,3.6,42.77,45.61,39.84,39.81,35.06,32.78,30.13
7358,26,6,158,1,0,3.6,45.61,39.84,39.81,35.06,32.78,30.13,34.59
7359,26,6,159,1,0,3.6,39.84,39.81,35.06,32.78,30.13,34.59,40.89
7360,26,6,160,1,0,3.6,39.81,35.06,32.78,30.13,34.59,40.89,19.44
7361,26,6,161,1,0,3.6,35.06,32.78,30.13,34.59,40.89,19.44,11.57
7362,26,6,162,1,0,3.6,32.78,30.13,34.59,40.89,19.44,11.57,2.62
7363,26,6,163,1,0,3.6,30.13,34.59,40.89,19.44,11.57,2.62,0.81
7364,26,6,164,1,0,3.6,34.59,40.89,19.44,11.57,2.62,0.81,1.72
7365,26,6,165,1,0,3.6,40.89,19.44,11.57,2.62,0.81,1.72,3.35
7366,26,6,166,1,0,3.6,19.44,11.57,2.62,0.81,1.72,3.35,12.4
7367,26,6,167,1,0,3.6,11.57,2.62,0.81,1.72,3.35,12.4,8.95
7368,26,6,168,1,0,3.6,2.62,0.81,1.72,3.35,12.4,8.95,5.35
7369,26,6,169,1,0,3.6,0.81,1.72,3.35,12.4,8.95,5.35,5.96
7370,26,6,170,1,0,3.6,1.72,3.35,12.4,8.95,5.35,5.96,9.37
7371,26,6,171,1,0,3.6,3.35,12.4,8.95,5.35,5.96,9.37,8.75
7372,26,6,172,1,0,3.6,12.4,8.95,5.35,5.96,9.37,8.75,9.95
7373,26,6,173,1,0,3.6,8.95,5.35,5.96,9.37,8.75,9.95,8.09
7374,26,6,174,1,0,3.6,5.35,5.96,9.37,8.75,9.95,8.09,23.92
7375,26,6,175,1,0,3.6,5.96,9.37,8.75,9.95,8.09,23.92,29.38
7376,26,6,176,1,0,3.6,9.37,8.75,9.95,8.09,23.92,29.38,11.56
7377,26,6,177,1,0,3.6,8.75,9.95,8.09,23.92,29.38,11.56,7.01
7378,26,6,178,1,0,3.6,9.95,8.09,23.92,29.38,11.56,7.01,8.47
7379,26,6,179,1,0,3.6,8.09,23.92,29.38,11.56,7.01,8.47,8.24
7380,26,6,180,1,0,3.6,23.92,29.38,11.56,7.01,8.47,8.24,8.51
7381,26,6,181,1,0,3.6,29.38,11.56,7.01,8.47,8.24,8.51,5.85
7382,26,6,182,1,0,3.6,11.56,7.01,8.47,8.24,8.51,5.85,10.66
7383,26,6,183,1,0,3.6,7.01,8.47,8.24,8.51,5.85,10.66,5.92
7384,26,6,184,1,0,3.6,8.47,8.24,8.51,5.85,10.66,5.92,7.01
7385,26,6,185,1,0,3.6,8.24,8.51,5.85,10.66,5.92,7.01,6.04
7386,26,6,186,1,0,3.6,8.51,5.85,10.66,5.92,7.01,6.04,7
7387,26,6,187,1,0,3.6,5.85,10.66,5.92,7.01,6.04,7,11.09
7388,26,6,188,1,0,3.6,10.66,5.92,7.01,6.04,7,11.09,8.81
7389,26,6,189,1,0,3.6,5.92,7.01,6.04,7,11.09,8.81,6.38
7390,26,6,190,1,0,3.6,7.01,6.04,7,11.09,8.81,6.38,6.89
7391,26,6,191,1,0,3.6,6.04,7,11.09,8.81,6.38,6.89,13.12
7392,26,6,192,1,0,3.6,7,11.09,8.81,6.38,6.89,13.12,10.99
7393,26,6,193,1,0,3.6,11.09,8.81,6.38,6.89,13.12,10.99,11.33
7394,26,6,194,1,0,3.6,8.81,6.38,6.89,13.12,10.99,11.33,18.71
7395,26,6,195,1,0,3.6,6.38,6.89,13.12,10.99,11.33,18.71,27.97
7396,26,6,196,1,0,3.6,6.89,13.12,10.99,11.33,18.71,27.97,36.21
7397,26,6,197,1,0,3.6,13.12,10.99,11.33,18.71,27.97,36.21,30.94
7398,26,6,198,1,0,3.6,10.99,11.33,18.71,27.97,36.21,30.94,20.82
7399,26,6,199,1,0,3.6,11.33,18.71,27.97,36.21,30.94,20.82,42.85
7400,26,6,200,1,0,3.6,18.71,27.97,36.21,30.94,20.82,42.85,29.85
7401,26,6,201,1,0,3.6,27.97,36.21,30.94,20.82,42.85,29.85,28.34
7402,26,6,202,1,0,3.6,36.21,30.94,20.82,42.85,29.85,28.34,10.03
7403,26,6,203,1,0,3.6,30.94,20.82,42.85,29.85,28.34,10.03,11.93
7404,26,6,204,1,0,3.6,20.82,42.85,29.85,28.34,10.03,11.93,7.58
7405,26,6,205,1,0,3.6,42.85,29.85,28.34,10.03,11.93,7.58,5.11
7406,26,6,206,1,0,3.6,29.85,28.34,10.03,11.93,7.58,5.11,6.56
7407,26,6,207,1,0,3.6,28.34,10.03,11.93,7.58,5.11,6.56,7.9
7408,26,6,208,1,0,3.6,10.03,11.93,7.58,5.11,6.56,7.9,7.97
7409,26,6,209,1,0,3.6,11.93,7.58,5.11,6.56,7.9,7.97,12.02
7410,26,6,210,1,0,3.6,7.58,5.11,6.56,7.9,7.97,12.02,6.59
7411,26,6,211,1,0,3.6,5.11,6.56,7.9,7.97,12.02,6.59,6.9
7412,26,6,212,1,0,3.6,6.56,7.9,7.97,12.02,6.59,6.9,8.85
7413,26,6,213,1,0,3.6,7.9,7.97,12.02,6.59,6.9,8.85,6.49
7414,26,6,214,1,0,3.6,7.97,12.02,6.59,6.9,8.85,6.49,5.12
7415,26,6,215,1,0,3.6,12.02,6.59,6.9,8.85,6.49,5.12,7.87
7416,26,6,216,1,0,3.6,6.59,6.9,8.85,6.49,5.12,7.87,10.3
7417,26,6,217,1,0,3.6,6.9,8.85,6.49,5.12,7.87,10.3,13.54
7418,26,6,218,1,0,3.6,8.85,6.49,5.12,7.87,10.3,13.54,11.68
7419,26,6,219,1,0,3.6,6.49,5.12,7.87,10.3,13.54,11.68,8.28
7420,26,6,220,1,0,3.6,5.12,7.87,10.3,13.54,11.68,8.28,20.7
7421,26,6,221,1,0,3.6,7.87,10.3,13.54,11.68,8.28,20.7,19.72
7422,26,6,222,1,0,3.6,10.3,13.54,11.68,8.28,20.7,19.72,9.74
7423,26,6,223,1,0,3.6,13.54,11.68,8.28,20.7,19.72,9.74,7.85
7424,26,6,224,1,0,3.6,11.68,8.28,20.7,19.72,9.74,7.85,17.21
7425,26,6,225,1,0,3.6,8.28,20.7,19.72,9.74,7.85,17.21,17.48
7426,26,6,226,1,0,3.6,20.7,19.72,9.74,7.85,17.21,17.48,16.7
7427,26,6,227,1,0,3.6,19.72,9.74,7.85,17.21,17.48,16.7,14.2
7428,26,6,228,1,0,3.6,9.74,7.85,17.21,17.48,16.7,14.2,18.75
7429,26,6,229,1,0,3.6,7.85,17.21,17.48,16.7,14.2,18.75,14.56
7430,26,6,230,1,0,3.6,17.21,17.48,16.7,14.2,18.75,14.56,19.83
7431,26,6,231,1,0,3.6,17.48,16.7,14.2,18.75,14.56,19.83,12.74
7432,26,6,232,1,0,3.6,16.7,14.2,18.75,14.56,19.83,12.74,22.76
7433,26,6,233,1,0,3.6,14.2,18.75,14.56,19.83,12.74,22.76,23.15
7434,26,6,234,1,0,3.6,18.75,14.56,19.83,12.74,22.76,23.15,19.28
7435,26,6,235,1,0,3.6,14.56,19.83,12.74,22.76,23.15,19.28,8.53
7436,26,6,236,1,0,3.6,19.83,12.74,22.76,23.15,19.28,8.53,12.07
7437,26,6,237,1,0,3.6,12.74,22.76,23.15,19.28,8.53,12.07,38.05
7438,26,6,238,1,0,3.6,22.76,23.15,19.28,8.53,12.07,38.05,42.84
7439,26,6,239,1,0,3.6,23.15,19.28,8.53,12.07,38.05,42.84,42.38
7440,26,6,240,1,0,3.6,19.28,8.53,12.07,38.05,42.84,42.38,47.76
7441,26,6,241,1,0,3.6,8.53,12.07,38.05,42.84,42.38,47.76,45.35
7442,26,6,242,1,0,3.6,12.07,38.05,42.84,42.38,47.76,45.35,42.17
7443,26,6,243,1,0,3.6,38.05,42.84,42.38,47.76,45.35,42.17,38.92
7444,26,6,244,1,0,3.6,42.84,42.38,47.76,45.35,42.17,38.92,40.25
7445,26,6,245,1,0,3.6,42.38,47.76,45.35,42.17,38.92,40.25,41.16
7446,26,6,246,1,0,3.6,47.76,45.35,42.17,38.92,40.25,41.16,39.86
7447,26,6,247,1,0,3.6,45.35,42.17,38.92,40.25,41.16,39.86,42.68
7448,26,6,248,1,0,3.6,42.17,38.92,40.25,41.16,39.86,42.68,42.92
7449,26,6,249,1,0,3.6,38.92,40.25,41.16,39.86,42.68,42.92,44.45
7450,26,6,250,1,0,3.6,40.25,41.16,39.86,42.68,42.92,44.45,47.21
7451,26,6,251,1,0,3.6,41.16,39.86,42.68,42.92,44.45,47.21,47.46
7452,26,6,252,1,0,3.6,39.86,42.68,42.92,44.45,47.21,47.46,47.14
7453,26,6,253,1,0,3.6,42.68,42.92,44.45,47.21,47.46,47.14,46.89
7454,26,6,254,1,0,3.6,42.92,44.45,47.21,47.46,47.14,46.89,44.37
7455,26,6,255,1,0,3.6,44.45,47.21,47.46,47.14,46.89,44.37,45.63
7456,26,6,256,1,0,3.6,47.21,47.46,47.14,46.89,44.37,45.63,46.3
7457,26,6,257,1,0,3.6,47.46,47.14,46.89,44.37,45.63,46.3,44.18
7458,26,6,258,1,0,3.6,47.14,46.89,44.37,45.63,46.3,44.18,48.88
7459,26,6,259,1,0,3.6,46.89,44.37,45.63,46.3,44.18,48.88,48.09
7460,26,6,260,1,0,3.6,44.37,45.63,46.3,44.18,48.88,48.09,48.69
7461,26,6,261,1,0,3.6,45.63,46.3,44.18,48.88,48.09,48.69,46.11
7462,26,6,262,1,0,3.6,46.3,44.18,48.88,48.09,48.69,46.11,48.24
7463,26,6,263,1,0,3.6,44.18,48.88,48.09,48.69,46.11,48.24,46.96
7464,26,6,264,1,0,3.6,48.88,48.09,48.69,46.11,48.24,46.96,45.59
7465,26,6,265,1,0,3.6,48.09,48.69,46.11,48.24,46.96,45.59,49.65
7466,26,6,266,1,0,3.6,48.69,46.11,48.24,46.96,45.59,49.65,50.69
7467,26,6,267,1,0,3.6,46.11,48.24,46.96,45.59,49.65,50.69,53.93
7468,26,6,268,1,0,3.6,48.24,46.96,45.59,49.65,50.69,53.93,52.07
7469,26,6,269,1,0,3.6,46.96,45.59,49.65,50.69,53.93,52.07,55.1
7470,26,6,270,1,0,3.6,45.59,49.65,50.69,53.93,52.07,55.1,49.61
7471,26,6,271,1,0,3.6,49.65,50.69,53.93,52.07,55.1,49.61,46.9
7472,26,6,272,1,0,3.6,50.69,53.93,52.07,55.1,49.61,46.9,46.66
7473,26,6,273,1,0,3.6,53.93,52.07,55.1,49.61,46.9,46.66,48.85
7474,26,6,274,1,0,3.6,52.07,55.1,49.61,46.9,46.66,48.85,50.94
7475,26,6,275,1,0,3.6,55.1,49.61,46.9,46.66,48.85,50.94,45.52
7476,26,6,276,1,0,3.6,49.61,46.9,46.66,48.85,50.94,45.52,57.36
7477,26,6,277,1,0,3.6,46.9,46.66,48.85,50.94,45.52,57.36,46.31
7478,26,6,278,1,0,3.6,46.66,48.85,50.94,45.52,57.36,46.31,43.29
7479,26,6,279,1,0,3.6,48.85,50.94,45.52,57.36,46.31,43.29,52.48
7480,26,6,280,1,0,3.6,50.94,45.52,57.36,46.31,43.29,52.48,54.39
7481,26,6,281,1,0,3.6,45.52,57.36,46.31,43.29,52.48,54.39,50.65
7482,26,6,282,1,0,3.6,57.36,46.31,43.29,52.48,54.39,50.65,50.64
7483,26,6,283,1,0,3.6,46.31,43.29,52.48,54.39,50.65,50.64,46.5
7484,26,6,284,1,0,3.6,43.29,52.48,54.39,50.65,50.64,46.5,48.25
7485,26,6,285,1,0,3.6,52.48,54.39,50.65,50.64,46.5,48.25,34.93
7486,26,6,286,1,0,3.6,54.39,50.65,50.64,46.5,48.25,34.93,51.81
7487,26,6,287,1,0,3.6,50.65,50.64,46.5,48.25,34.93,51.81,50.14
7488,26,6,288,1,0,3.6,50.64,46.5,48.25,34.93,51.81,50.14,48.22
